2025/06/30, 23:18:00, 22.95172, 101169.2, 67.0955, 11034.15, Stable
2025/06/30, 23:28:41, 22.9063, 101172.5, 67.00548, 7753.613, Stable
2025/07/01, 20:39:31, 24.7359, 101334.2, 58.85079, 2711387.0, Unstable
2025/07/01, 20:39:32, 24.71687, 101333.8, 58.78131, 1826387.0, Unstable
2025/07/01, 20:39:33, 24.71001, 101333.6, 58.72662, 1384134.0, Unstable
2025/07/01, 20:39:35, 24.70483, 101332.8, 58.68391, 1119132.0, Unstable
2025/07/01, 20:39:36, 24.70315, 101332.6, 58.64933, 942816.9, Unstable
2025/07/01, 20:39:37, 24.70309, 101332.4, 58.61939, 817271.6, Unstable
2025/07/01, 20:39:39, 24.7037, 101332.1, 58.59387, 723328.4, Unstable
2025/07/01, 20:39:40, 24.70536, 101332.1, 58.57201, 650487.5, Unstable
2025/07/01, 20:39:41, 24.70643, 101331.3, 58.55328, 592402.9, Unstable
2025/07/01, 20:39:43, 24.70802, 101331.3, 58.53685, 545065.2, Unstable
2025/07/01, 20:39:44, 24.70846, 101331.3, 58.5216, 505724.4, Unstable
2025/07/01, 20:39:45, 24.70986, 101331.6, 58.50777, 472533.8, Unstable
2025/07/01, 20:39:47, 24.71124, 101331.4, 58.49461, 444178.6, Unstable
2025/07/01, 20:39:48, 24.71262, 101331.4, 58.48197, 419699.5, Unstable
2025/07/01, 20:39:49, 24.71383, 101331.3, 58.46937, 398328.6, Unstable
2025/07/01, 20:39:51, 24.71458, 101331.1, 58.45752, 379526.7, Unstable
2025/07/01, 20:39:52, 24.71555, 101331.2, 58.44666, 362850.5, Unstable
2025/07/01, 20:39:53, 24.71641, 101331.1, 58.43596, 347988.8, Unstable
2025/07/01, 20:39:55, 24.71718, 101331.1, 58.42603, 334667.1, Unstable
2025/07/01, 20:39:56, 24.71801, 101330.9, 58.41616, 322655.3, Unstable
2025/07/01, 20:39:57, 24.71889, 101330.9, 58.40636, 311764.8, Unstable
2025/07/01, 20:39:59, 24.7198, 101331.0, 58.39714, 301846.0, Unstable
2025/07/01, 20:40:00, 24.72041, 101331.0, 58.38868, 292730.0, Unstable
2025/07/01, 20:43:29, 24.62702, 101333.4, 58.85629, 2451889.0, Unstable
2025/07/01, 20:46:06, 24.75715, 101326.4, 58.08395, 2349015.0, Unstable
2025/07/01, 20:47:26, 24.72794, 101327.0, 58.19706, 2451931.0, Unstable
2025/07/01, 20:51:57, 25.23911, 101361.8, 86.30376, 3236569.0, Unstable
2025/07/01, 21:04:16, 24.70296, 101374.8, 60.92472, 21951.23, Stable
2025/07/01, 21:16:36, 19.78683, 101389.0, 73.31724, 85395.91, Stable
2025/07/01, 21:28:55, 19.39125, 101415.9, 74.16389, 136394.1, Stable
2025/07/01, 21:41:14, 19.21967, 101410.3, 74.32761, 158164.1, Stable
2025/07/01, 21:53:33, 18.975, 101399.8, 75.62235, 179052.5, Stable
2025/07/01, 22:05:52, 18.49247, 101411.6, 76.77044, 197381.6, Stable
2025/07/01, 22:18:11, 18.50811, 101415.5, 77.24278, 206910.5, Stable
2025/07/01, 22:30:30, 20.14791, 101430.4, 75.87376, 160476.4, Stable
2025/07/01, 22:31:26, 22.99634, 101389.5, 64.93439, 6697017.0, Unstable
2025/07/01, 22:31:54, 23.08532, 101390.7, 63.85348, 3406462.0, Unstable
2025/07/01, 23:51:04, 23.56871, 101380.4, 59.22542, 1.610901e+07, Unstable
2025/07/01, 23:51:51, 23.59925, 101377.6, 59.00211, 23648.67, Unstable
2025/07/01, 23:52:50, 23.74134, 101373.7, 58.36435, 290061.0, Unstable
2025/07/01, 23:54:22, 23.66299, 101368.6, 58.69073, 491475.5, Unstable
2025/07/01, 23:58:33, 23.57668, 101352.5, 58.94291, 2584789.0, Unstable
2025/07/02, 00:01:47, 23.74267, 101332.4, 58.06911, 2432349.0, Unstable
2025/07/02, 00:14:06, 23.38069, 101372.0, 58.32359, 139565.6, Stable
2025/07/02, 00:14:54, 23.39873, 101374.8, 58.73691, 5583787.0, Unstable
2025/07/02, 00:17:28, 23.37217, 101374.7, 58.76364, 6032071.0, Unstable
2025/07/02, 00:17:53, 23.36686, 101370.8, 58.77267, 5404989.0, Unstable
2025/07/02, 00:20:21, 23.31108, 101368.7, 58.93664, 5898204.0, Unstable
2025/07/02, 00:29:54, 22.95384, 101388.0, 60.09953, 3.498294e+07, Unstable
2025/07/02, 00:42:13, 23.06989, 101369.8, 59.3691, 147401.2, Stable
2025/07/02, 00:47:29, 22.86619, 101372.8, 60.63921, 2.552953e+07, Unstable
2025/07/02, 00:51:20, 23.45849, 101402.6, 59.61786, 1.589213e+07, Unstable
2025/07/02, 00:54:40, 23.07469, 101377.7, 59.58533, 4959785.0, Unstable
2025/07/02, 00:55:07, 22.56604, 101375.0, 61.23432, 3640349.0, Unstable
2025/07/02, 01:07:26, 20.91311, 101379.4, 66.67879, 149193.7, Stable
2025/07/02, 01:19:45, 20.92155, 101367.3, 65.82018, 157789.6, Stable
2025/07/02, 01:32:04, 20.60524, 101370.1, 66.16827, 172354.4, Stable
2025/07/02, 01:44:23, 20.223, 101364.3, 66.60201, 185427.8, Stable
2025/07/02, 01:56:43, 20.14438, 101392.4, 66.29266, 196523.0, Stable
2025/07/02, 02:09:02, 20.20384, 101397.3, 66.07077, 194067.4, Stable
2025/07/02, 02:21:21, 20.20551, 101376.8, 66.02483, 189287.8, Stable
2025/07/02, 02:33:40, 20.3255, 101381.6, 65.79594, 180518.9, Stable
2025/07/02, 02:46:00, 20.03921, 101360.8, 65.53535, 197582.5, Stable
2025/07/02, 02:58:19, 19.93862, 101362.7, 64.98045, 202321.4, Stable
2025/07/02, 03:10:38, 20.00617, 101350.2, 64.22884, 194679.0, Stable
2025/07/02, 03:22:57, 19.88619, 101341.9, 63.77781, 198847.2, Stable
2025/07/02, 03:35:16, 19.85312, 101336.2, 63.0818, 195434.7, Stable
2025/07/02, 03:47:36, 19.5155, 101358.6, 62.90742, 211174.0, Stable
2025/07/02, 03:59:55, 19.30208, 101370.5, 63.05695, 219446.1, Stable
2025/07/02, 04:12:14, 19.26526, 101410.6, 62.93504, 214087.2, Stable
2025/07/02, 04:24:33, 19.30243, 101383.4, 62.5664, 208866.9, Stable
2025/07/02, 04:36:52, 19.31502, 101452.0, 62.24083, 204379.3, Stable
2025/07/02, 04:49:12, 19.07653, 101379.5, 62.56821, 211555.1, Stable
2025/07/02, 05:01:31, 18.95465, 101426.4, 62.5321, 217929.5, Stable
2025/07/02, 05:13:50, 18.90943, 101420.6, 62.21688, 219878.5, Stable
2025/07/02, 05:26:09, 18.43685, 101431.0, 62.93207, 234636.4, Stable
2025/07/02, 05:38:29, 18.53597, 101446.1, 62.1344, 236261.1, Stable
2025/07/02, 05:50:48, 18.61607, 101457.4, 61.58256, 230172.0, Stable
2025/07/02, 06:03:07, 18.62167, 101466.1, 61.087, 228195.6, Stable
2025/07/02, 06:15:26, 18.43468, 101471.9, 61.21563, 236180.2, Stable
2025/07/02, 06:27:45, 18.42282, 101470.3, 60.81998, 235134.8, Stable
2025/07/02, 06:40:05, 18.40919, 101483.3, 60.32957, 236852.8, Stable
2025/07/02, 06:52:24, 18.30238, 101519.9, 60.01084, 243528.4, Stable
2025/07/02, 07:04:43, 18.26734, 101538.5, 59.86274, 242973.0, Stable
2025/07/02, 07:17:02, 18.16556, 101543.8, 59.89371, 248591.0, Stable
2025/07/02, 07:29:21, 18.12946, 101564.6, 60.42137, 240388.5, Stable
2025/07/02, 07:41:41, 18.21678, 101589.1, 60.68699, 237112.0, Stable
2025/07/02, 07:54:00, 18.28781, 101601.5, 60.79652, 233437.1, Stable
2025/07/02, 08:06:19, 18.2547, 101608.3, 60.38034, 239231.0, Stable
2025/07/02, 08:18:38, 18.30499, 101632.0, 59.62362, 240118.8, Stable
2025/07/02, 08:30:58, 18.2719, 101597.6, 58.99593, 246674.4, Stable
2025/07/02, 08:43:17, 18.18686, 101614.8, 59.02879, 255959.4, Stable
2025/07/02, 08:55:36, 18.2438, 101614.5, 58.10409, 254522.6, Stable
2025/07/02, 09:07:55, 18.48767, 101628.8, 56.05785, 244695.8, Stable
2025/07/02, 09:20:15, 19.45427, 101653.9, 50.85005, 243737.1, Stable
2025/07/02, 09:32:34, 20.02068, 101667.3, 46.89035, 258150.6, Stable
2025/07/02, 09:44:53, 20.26784, 101683.1, 44.5513, 264779.9, Stable
2025/07/02, 09:57:12, 20.71357, 101693.2, 44.07527, 239744.6, Stable
2025/07/02, 10:09:32, 20.6391, 101701.8, 43.29125, 249681.2, Stable
2025/07/02, 10:21:51, 21.05961, 101708.3, 43.52884, 229568.3, Stable
2025/07/02, 10:34:10, 20.91567, 101718.6, 44.33558, 236012.1, Stable
2025/07/02, 10:46:30, 21.13267, 101735.8, 43.22455, 228696.2, Stable
2025/07/02, 10:58:50, 20.94318, 101747.9, 41.95301, 241355.1, Stable
2025/07/02, 11:11:09, 21.16313, 101747.7, 42.78695, 230753.3, Stable
2025/07/02, 11:23:29, 21.10804, 101760.2, 42.84547, 242996.0, Stable
2025/07/02, 11:35:48, 21.51256, 101767.6, 43.60119, 201283.5, Stable
2025/07/02, 11:48:08, 21.44938, 101770.8, 43.37017, 223969.2, Stable
2025/07/02, 12:00:28, 21.33135, 101769.7, 44.29499, 216198.1, Stable
2025/07/02, 12:12:48, 21.23855, 101779.6, 44.4628, 221470.2, Stable
2025/07/02, 12:25:08, 21.01337, 101784.7, 43.32514, 247458.6, Stable
2025/07/02, 12:37:27, 21.1769, 101780.3, 44.21326, 226048.8, Stable
2025/07/02, 12:49:47, 21.1025, 101785.8, 45.35232, 227183.4, Stable
2025/07/02, 13:02:07, 21.19288, 101797.7, 43.85664, 236726.9, Stable
2025/07/02, 13:14:26, 21.70651, 101800.5, 42.22402, 224074.1, Stable
2025/07/02, 13:26:46, 21.95367, 101803.3, 40.86618, 218068.0, Stable
2025/07/02, 13:39:06, 21.81901, 101813.5, 41.38714, 229735.1, Stable
2025/07/02, 13:51:25, 21.95035, 101817.3, 40.50098, 242934.5, Stable
2025/07/02, 14:03:45, 21.98605, 101818.7, 39.71269, 243380.8, Stable
2025/07/02, 14:16:05, 21.92332, 101819.6, 39.32362, 250153.0, Stable
2025/07/02, 14:28:24, 22.13092, 101818.8, 40.30748, 235318.9, Stable
2025/07/02, 14:40:44, 22.30442, 101834.3, 39.11729, 232310.2, Stable
2025/07/02, 14:53:04, 22.23863, 101835.0, 38.68309, 243787.8, Stable
2025/07/02, 15:05:23, 22.32847, 101847.7, 37.58745, 243653.3, Stable
2025/07/02, 15:17:43, 22.04501, 101847.8, 37.72469, 244377.6, Stable
2025/07/02, 15:30:03, 22.07661, 101859.3, 36.46435, 243124.5, Stable
2025/07/02, 15:42:22, 22.26088, 101867.7, 34.89058, 256153.0, Stable
2025/07/02, 15:54:42, 22.33851, 101884.1, 36.13942, 240380.5, Stable
2025/07/02, 16:07:02, 22.26797, 101895.6, 35.32766, 257175.3, Stable
2025/07/02, 16:19:21, 21.64294, 101913.5, 36.1256, 284485.9, Stable
2025/07/02, 16:31:41, 21.58157, 101931.9, 36.92421, 288481.8, Stable
2025/07/02, 16:44:01, 21.66228, 101923.4, 37.41265, 258355.8, Stable
2025/07/02, 16:56:20, 21.49624, 101930.9, 38.65989, 258231.8, Stable
2025/07/02, 17:08:40, 21.26935, 101938.4, 41.08869, 258520.3, Stable
2025/07/02, 17:21:00, 21.3926, 101939.6, 42.01015, 239690.4, Stable
2025/07/02, 17:33:19, 21.35409, 101947.7, 42.92866, 231186.1, Stable
2025/07/02, 17:45:39, 21.20145, 101965.0, 44.24707, 238381.8, Stable
2025/07/02, 17:57:59, 21.10752, 101975.6, 45.25388, 237996.3, Stable
2025/07/02, 18:10:18, 21.14951, 101988.4, 45.05361, 227828.4, Stable
2025/07/02, 18:22:38, 21.10321, 101998.6, 45.12054, 231941.6, Stable
2025/07/02, 18:34:58, 21.16056, 102004.5, 45.56504, 219500.3, Stable
2025/07/02, 18:47:17, 21.15813, 102015.4, 45.65324, 215445.1, Stable
2025/07/02, 18:59:37, 20.9074, 102036.3, 46.46443, 229170.0, Stable
2025/07/02, 19:11:56, 20.9532, 102058.7, 46.42367, 217465.8, Stable
2025/07/02, 19:24:15, 20.83475, 102071.9, 46.7872, 220307.8, Stable
2025/07/02, 19:36:35, 20.71156, 102080.6, 47.86834, 208393.0, Stable
2025/07/02, 19:48:54, 20.51635, 102095.4, 48.8655, 215395.5, Stable
2025/07/02, 20:01:13, 20.53771, 102110.9, 49.09249, 190709.0, Stable
2025/07/02, 20:13:32, 20.29961, 102125.0, 49.99957, 198466.4, Stable
2025/07/02, 20:25:51, 20.05648, 102148.6, 50.81081, 202723.8, Stable
2025/07/02, 20:38:11, 19.91683, 102165.0, 51.1974, 198966.8, Stable
2025/07/02, 20:50:30, 20.08965, 102188.8, 50.95845, 171307.5, Stable
2025/07/02, 21:02:49, 20.1568, 102203.6, 50.93712, 163330.8, Stable
2025/07/02, 21:15:08, 19.91692, 102214.3, 51.77285, 169467.3, Stable
2025/07/02, 21:27:27, 19.81553, 102223.6, 52.21012, 170813.8, Stable
2025/07/02, 21:39:47, 19.88649, 102244.1, 52.83194, 100157.9, Stable
2025/07/02, 21:52:06, 19.35332, 102261.5, 54.6437, 165314.2, Stable
2025/07/02, 22:04:25, 19.23604, 102273.7, 55.3236, 173177.5, Stable
2025/07/02, 22:16:44, 19.09198, 102278.4, 56.08273, 180882.4, Stable
2025/07/02, 22:29:04, 18.99198, 102285.2, 56.6294, 184054.7, Stable
2025/07/02, 22:41:23, 18.91601, 102305.2, 56.95797, 184353.1, Stable
2025/07/02, 22:53:42, 18.73789, 102320.5, 57.56997, 189228.3, Stable
2025/07/02, 23:06:01, 18.57504, 102335.6, 58.12371, 195635.6, Stable
2025/07/02, 23:18:20, 18.61358, 102346.3, 57.9702, 183798.7, Stable
2025/07/02, 23:30:40, 18.56569, 102359.9, 58.22639, 181596.2, Stable
2025/07/02, 23:42:59, 18.49372, 102372.9, 58.66689, 181992.0, Stable
2025/07/02, 23:55:18, 18.49232, 102387.6, 58.83941, 179782.7, Stable
2025/07/03, 00:07:37, 18.74717, 102394.1, 58.18936, 160155.4, Stable
2025/07/03, 00:19:57, 19.18283, 102400.6, 57.09777, 134169.5, Stable
2025/07/03, 00:32:16, 19.27567, 102402.0, 56.27519, 125107.8, Stable
2025/07/03, 00:44:35, 19.37269, 102415.5, 56.14227, 113110.2, Stable
2025/07/03, 00:56:54, 19.10998, 102408.7, 56.48462, 124302.9, Stable
2025/07/03, 01:09:13, 19.01503, 102411.0, 56.56623, 135643.9, Stable
2025/07/03, 01:21:33, 19.32697, 102416.4, 55.62611, 120496.9, Stable
2025/07/03, 01:33:52, 18.81591, 102417.5, 56.42941, 136344.0, Stable
2025/07/03, 01:46:11, 18.74358, 102411.0, 56.26521, 137450.8, Stable
2025/07/03, 01:58:30, 18.4957, 102414.1, 56.61665, 140588.6, Stable
2025/07/03, 02:10:50, 18.47086, 102416.8, 56.7625, 141745.8, Stable
2025/07/03, 02:23:09, 18.33958, 102420.3, 56.99225, 141993.5, Stable
2025/07/03, 02:35:28, 18.34211, 102420.5, 57.00617, 142620.9, Stable
2025/07/03, 02:47:47, 17.81387, 102413.1, 59.6609, 166346.3, Stable
2025/07/03, 03:00:06, 18.59879, 102419.6, 56.93924, 144627.7, Stable
2025/07/03, 03:12:26, 18.76982, 102422.5, 56.22019, 128270.5, Stable
2025/07/03, 03:24:45, 18.82965, 102432.7, 56.21112, 119243.3, Stable
2025/07/03, 03:37:04, 18.93502, 102434.3, 55.87893, 113205.8, Stable
2025/07/03, 03:49:23, 18.89371, 102438.0, 55.75235, 113459.1, Stable
2025/07/03, 04:01:43, 18.95074, 102449.4, 55.32324, 110522.0, Stable
2025/07/03, 04:14:02, 19.01472, 102462.2, 55.13742, 105584.5, Stable
2025/07/03, 04:26:21, 19.02664, 102472.2, 55.12266, 102762.7, Stable
2025/07/03, 04:38:40, 19.1169, 102479.5, 54.80924, 100345.8, Stable
2025/07/03, 04:50:59, 19.09851, 102479.5, 54.45867, 102542.0, Stable
2025/07/03, 05:03:19, 19.04836, 102488.3, 54.67128, 101737.3, Stable
2025/07/03, 05:15:38, 18.72449, 102493.7, 54.48719, 112531.2, Stable
2025/07/03, 05:27:57, 18.94275, 102498.5, 54.25677, 109164.7, Stable
2025/07/03, 05:40:16, 18.80118, 102505.6, 54.69826, 112969.5, Stable
2025/07/03, 05:52:36, 18.94423, 102508.9, 54.69301, 107998.1, Stable
2025/07/03, 06:04:55, 19.01098, 102514.1, 55.18021, 105502.3, Stable
2025/07/03, 06:17:14, 19.04394, 102532.5, 55.98088, 107792.4, Stable
2025/07/03, 06:29:33, 18.63022, 102539.4, 58.10173, 122807.9, Stable
2025/07/03, 06:41:52, 18.7144, 102552.9, 58.68789, 125844.7, Stable
2025/07/03, 06:54:12, 18.98864, 102562.1, 58.04684, 114808.2, Stable
2025/07/03, 07:06:31, 18.82796, 102576.7, 59.44416, 120232.6, Stable
2025/07/03, 07:18:50, 18.89124, 102592.3, 60.10107, 123743.7, Stable
2025/07/03, 07:31:09, 18.86082, 102599.3, 61.00011, 130612.5, Stable
2025/07/03, 07:43:29, 19.01741, 102600.3, 60.77885, 125619.4, Stable
2025/07/03, 07:55:48, 19.05779, 102617.5, 61.56874, 130540.5, Stable
2025/07/03, 08:08:07, 19.09143, 102620.5, 61.73095, 141633.6, Stable
2025/07/03, 08:20:26, 19.18521, 102626.8, 59.58105, 143447.0, Stable
2025/07/03, 08:32:45, 19.31496, 102627.5, 57.51143, 143044.7, Stable
2025/07/03, 08:45:05, 19.32261, 102624.7, 55.75312, 151325.5, Stable
2025/07/03, 08:57:24, 19.50684, 102621.6, 55.08146, 144174.6, Stable
2025/07/03, 09:09:43, 19.57814, 102625.8, 51.59234, 147374.2, Stable
2025/07/03, 09:22:02, 19.69272, 102630.7, 52.04005, 148618.2, Stable
2025/07/03, 09:34:21, 19.96955, 102627.4, 50.95165, 144458.4, Stable
2025/07/03, 09:46:41, 20.34983, 102637.6, 48.52896, 150598.5, Stable
2025/07/03, 09:59:00, 20.11123, 102628.2, 49.06392, 147358.2, Stable
2025/07/03, 10:11:19, 20.48755, 102628.5, 45.63324, 161067.9, Stable
2025/07/03, 10:23:38, 20.56545, 102630.2, 44.47001, 176580.3, Stable
2025/07/03, 10:35:58, 20.57822, 102631.1, 46.29449, 168172.6, Stable
2025/07/03, 10:48:17, 20.44357, 102617.9, 46.04839, 170216.2, Stable
2025/07/03, 11:00:36, 20.81847, 102613.3, 46.72908, 153724.8, Stable
2025/07/03, 11:12:55, 20.97048, 102618.3, 47.39305, 150056.0, Stable
2025/07/03, 11:25:15, 21.21374, 102622.1, 45.74307, 146798.7, Stable
2025/07/03, 11:37:35, 21.22769, 102619.6, 45.09063, 146961.7, Stable
2025/07/03, 11:49:54, 21.16976, 102622.8, 44.22887, 137354.1, Stable
2025/07/03, 12:02:14, 21.24589, 102618.5, 44.95174, 135140.4, Stable
2025/07/03, 12:14:34, 21.30434, 102614.7, 44.31125, 130890.0, Stable
2025/07/03, 12:26:53, 21.20342, 102604.7, 45.23885, 144059.7, Stable
2025/07/03, 12:39:13, 21.18715, 102597.2, 45.28568, 145772.7, Stable
2025/07/03, 12:51:33, 21.17771, 102600.1, 45.53749, 151500.0, Stable
2025/07/03, 13:03:52, 21.04183, 102612.9, 46.5486, 150449.7, Stable
2025/07/03, 13:16:12, 20.88828, 102611.9, 46.26723, 167703.4, Stable
2025/07/03, 13:28:31, 20.92962, 102615.0, 47.11522, 163286.2, Stable
2025/07/03, 13:40:50, 20.86509, 102615.7, 47.11817, 172018.8, Stable
2025/07/03, 13:53:09, 20.72185, 102626.6, 46.3631, 197809.7, Stable
2025/07/03, 14:05:28, 20.70584, 102626.2, 46.97952, 193918.3, Stable
2025/07/03, 14:17:48, 20.61574, 102617.4, 49.10609, 194156.9, Stable
2025/07/03, 14:30:07, 20.67469, 102614.0, 49.62397, 178984.6, Stable
2025/07/03, 14:42:26, 20.79479, 102601.2, 49.25551, 165630.5, Stable
2025/07/03, 14:54:45, 20.94344, 102596.9, 49.13384, 153692.5, Stable
2025/07/03, 15:07:05, 20.93616, 102589.4, 50.20691, 153465.4, Stable
2025/07/03, 15:19:24, 20.96718, 102582.5, 51.26013, 146901.5, Stable
2025/07/03, 15:31:43, 20.9558, 102580.9, 51.46706, 146721.6, Stable
2025/07/03, 15:44:02, 20.98492, 102578.4, 51.0392, 142683.6, Stable
2025/07/03, 15:56:22, 21.0709, 102579.4, 50.72915, 134426.2, Stable
2025/07/03, 16:08:42, 21.07185, 102585.2, 46.10652, 169805.2, Stable
2025/07/03, 16:21:01, 21.11817, 102586.8, 44.06924, 185670.3, Stable
2025/07/03, 16:33:21, 21.12693, 102593.3, 43.63941, 176874.8, Stable
2025/07/03, 16:45:41, 21.03648, 102597.8, 43.52075, 199247.3, Stable
2025/07/03, 16:58:00, 20.96641, 102602.9, 44.02988, 194333.0, Stable
2025/07/03, 17:10:20, 20.97325, 102608.4, 44.07096, 204635.4, Stable
2025/07/03, 17:22:39, 21.0687, 102606.4, 44.11182, 187526.0, Stable
2025/07/03, 17:34:59, 20.93659, 102605.5, 44.68912, 197148.0, Stable
2025/07/03, 17:47:18, 20.98058, 102599.5, 44.60968, 186606.4, Stable
2025/07/03, 17:59:37, 20.91273, 102596.0, 45.44682, 202660.1, Stable
2025/07/03, 18:11:57, 20.9795, 102607.0, 46.30163, 184689.4, Stable
2025/07/03, 18:24:16, 21.01132, 102609.9, 46.69238, 184590.6, Stable
2025/07/03, 18:36:36, 20.81568, 102617.9, 46.86408, 207349.5, Stable
2025/07/03, 18:48:55, 20.77957, 102624.3, 47.35553, 195402.2, Stable
2025/07/03, 19:01:14, 20.80588, 102631.3, 47.10297, 191833.4, Stable
2025/07/03, 19:13:33, 20.8172, 102636.6, 47.65731, 183998.3, Stable
2025/07/03, 19:25:52, 20.78562, 102654.0, 47.66178, 185895.2, Stable
2025/07/03, 19:38:12, 21.30525, 102691.5, 46.29918, 117642.7, Stable
2025/07/03, 19:50:31, 20.93395, 102701.0, 45.41668, 135576.6, Stable
2025/07/03, 20:02:51, 20.97814, 102707.1, 44.68957, 119686.7, Stable
2025/07/03, 20:15:10, 20.90225, 102709.5, 44.17639, 123664.6, Stable
2025/07/03, 20:27:29, 20.87076, 102723.7, 44.23883, 119569.5, Stable
2025/07/03, 20:39:48, 20.69015, 102736.9, 44.50967, 128402.7, Stable
2025/07/03, 20:52:07, 20.44565, 102743.2, 45.48455, 127602.1, Stable
2025/07/03, 21:04:27, 20.37876, 102754.8, 46.11123, 134905.0, Stable
2025/07/03, 21:12:42, 21.60443, 102733.1, 44.79595, 8148084.0, Unstable
2025/07/03, 21:34:53, 21.24314, 102745.9, 45.19047, 1.627002e+07, Unstable
2025/07/03, 21:35:34, 21.2272, 102749.6, 45.19959, 340538.1, Unstable
2025/07/03, 21:37:28, 21.43309, 102744.4, 44.69997, 1168000.0, Unstable
2025/07/03, 21:39:26, 21.49153, 102752.7, 44.60804, 1886756.0, Unstable
2025/07/03, 21:39:54, 21.48888, 102750.7, 44.6449, 1910195.0, Unstable
2025/07/03, 21:40:50, 21.49286, 102747.8, 44.66335, 2118943.0, Unstable
2025/07/03, 21:41:13, 21.47958, 102751.0, 44.69095, 2044275.0, Unstable
2025/07/03, 21:42:10, 21.4995, 102745.6, 44.63879, 2342975.0, Unstable
2025/07/03, 21:43:10, 21.53669, 102739.4, 44.49144, 2441163.0, Unstable
2025/07/03, 21:43:56, 21.56326, 102746.1, 44.49768, 2424517.0, Unstable
2025/07/03, 21:44:17, 21.54201, 102745.9, 44.54063, 2309830.0, Unstable
2025/07/03, 21:46:41, 21.56725, 102739.3, 44.51307, 2717441.0, Unstable
2025/07/03, 21:47:02, 21.5699, 102738.7, 44.48849, 2467286.0, Unstable
2025/07/03, 21:47:43, 21.55795, 102735.7, 44.49152, 2670171.0, Unstable
2025/07/03, 21:53:33, 21.66952, 102736.5, 44.57492, 3104539.0, Unstable
2025/07/03, 21:59:53, 21.41715, 102739.1, 45.45246, 9270219.0, Unstable
2025/07/03, 22:12:18, 21.67616, 102736.9, 44.99912, 3440627.0, Unstable
2025/07/03, 22:14:58, 21.51411, 102741.5, 45.51447, 6207305.0, Unstable
2025/07/03, 22:15:12, 21.52872, 102740.0, 45.47769, 918985.9, Unstable
2025/07/03, 22:15:59, 21.59115, 102741.5, 45.29063, 2339110.0, Unstable
2025/07/03, 22:18:42, 21.61108, 102740.0, 45.20777, 3173357.0, Unstable
2025/07/03, 22:19:10, 21.59248, 102740.5, 45.25069, 3064788.0, Unstable
2025/07/03, 22:31:28, 21.60784, 102739.0, 45.01503, 100916.0, Stable
2025/07/03, 22:33:34, 21.65358, 102736.4, 45.27253, 3408367.0, Unstable
2025/07/03, 22:34:29, 21.50482, 102737.9, 45.73558, 4819647.0, Unstable
2025/07/03, 22:35:33, 21.56857, 102738.4, 45.50865, 2733026.0, Unstable
2025/07/03, 22:36:34, 21.59381, 102740.8, 45.4412, 3092136.0, Unstable
2025/07/03, 22:37:18, 21.56725, 102743.2, 45.54551, 3123212.0, Unstable
2025/07/03, 22:38:51, 25.2577, 102730.0, 36.52881, 1924595.0, Unstable
2025/07/03, 22:39:28, 24.00028, 102740.5, 39.05623, 1957469.0, Unstable
2025/07/03, 22:41:24, 24.13838, 102732.1, 39.02703, 1477544.0, Unstable
2025/07/03, 22:44:46, 22.23002, 102741.3, 43.43801, 1808124.0, Unstable
2025/07/03, 22:45:51, 22.05603, 102736.5, 43.91175, 1796586.0, Unstable
2025/07/03, 22:47:34, 21.89133, 102740.5, 44.67108, 1736400.0, Unstable
2025/07/03, 22:50:59, 21.70273, 102737.1, 44.88551, 1861370.0, Unstable
2025/07/03, 22:51:32, 21.70538, 102743.0, 44.86708, 1763324.0, Unstable
2025/07/03, 22:55:51, 21.66155, 102731.9, 45.05437, 1995990.0, Unstable
2025/07/03, 23:00:42, 21.58584, 102724.6, 45.37971, 1848921.0, Unstable
2025/07/03, 23:02:03, 21.47294, 102726.0, 45.80909, 1083137.0, Unstable
2025/07/03, 23:07:18, 21.53537, 102718.3, 45.68663, 1655281.0, Unstable
2025/07/03, 23:07:54, 21.55529, 102716.9, 45.62839, 1553584.0, Unstable
2025/07/03, 23:08:36, 21.57389, 102720.3, 45.55477, 1740087.0, Unstable
2025/07/03, 23:09:35, 21.49685, 102715.1, 45.78161, 1577822.0, Unstable
2025/07/03, 23:10:36, 21.53404, 102718.0, 45.59753, 1783571.0, Unstable
2025/07/03, 23:16:15, 21.45434, 102720.0, 45.77518, 1859234.0, Unstable
2025/07/03, 23:18:02, 26.33042, 102709.8, 35.77674, 682174.0, Unstable
2025/07/03, 23:21:18, 22.2101, 102715.5, 43.65041, 1383439.0, Unstable
2025/07/03, 23:23:29, 21.79836, 102715.8, 44.79985, 1378459.0, Unstable
2025/07/03, 23:39:55, 21.31221, 102702.4, 46.41895, 984053.4, Unstable
2025/07/03, 23:46:46, 21.50482, 102709.4, 45.90452, 1912784.0, Unstable
2025/07/03, 23:47:47, 21.34941, 102713.0, 46.4039, 1167527.0, Unstable
2025/07/03, 23:48:45, 21.27237, 102711.8, 46.59358, 559295.6, Unstable
2025/07/03, 23:57:57, 21.75851, 102708.4, 52.25274, 1709720.0, Unstable
2025/07/04, 00:10:15, 19.80345, 102708.1, 50.65046, 90077.97, Stable
2025/07/04, 00:22:34, 19.45197, 102703.9, 51.79045, 101105.3, Stable
2025/07/04, 00:34:53, 19.6158, 102714.0, 51.75403, 99894.63, Stable
2025/07/04, 00:47:12, 19.86542, 102718.3, 51.20984, 95543.46, Stable
2025/07/04, 00:59:31, 19.85641, 102716.9, 51.05878, 95519.86, Stable
2025/07/04, 01:11:50, 19.87527, 102702.6, 51.00361, 95334.64, Stable
2025/07/04, 01:24:09, 19.98293, 102694.4, 50.87716, 94085.23, Stable
2025/07/04, 01:36:28, 19.93972, 102692.6, 51.03969, 89728.87, Stable
2025/07/04, 01:48:47, 19.98662, 102679.7, 51.16616, 87755.92, Stable
2025/07/04, 02:01:06, 19.47309, 102671.4, 52.01728, 97745.39, Stable
2025/07/04, 02:13:25, 19.16142, 102652.1, 52.67605, 103785.2, Stable
2025/07/04, 02:25:44, 18.91172, 102648.4, 53.6198, 107275.5, Stable
2025/07/04, 02:38:03, 18.96109, 102648.5, 53.46474, 106733.7, Stable
2025/07/04, 02:50:22, 19.00398, 102664.0, 53.91086, 104680.5, Stable
2025/07/04, 03:02:41, 19.34105, 102655.6, 52.95831, 98989.08, Stable
2025/07/04, 03:15:00, 19.34178, 102654.8, 52.23198, 102397.5, Stable
2025/07/04, 03:27:19, 19.44871, 102657.5, 52.098, 98917.88, Stable
2025/07/04, 03:39:38, 19.40637, 102657.2, 52.18195, 99084.02, Stable
2025/07/04, 03:51:57, 19.47668, 102658.8, 52.09266, 97993.83, Stable
2025/07/04, 04:04:16, 19.17625, 102650.5, 52.16697, 103731.0, Stable
2025/07/04, 04:16:35, 19.26767, 102646.2, 51.92682, 101895.4, Stable
2025/07/04, 04:28:54, 19.23756, 102647.4, 51.78837, 103509.8, Stable
2025/07/04, 04:41:13, 19.10637, 102642.9, 52.02801, 107121.2, Stable
2025/07/04, 04:53:32, 19.14504, 102648.4, 52.11282, 105747.7, Stable
2025/07/04, 05:05:51, 18.94598, 102639.8, 52.33959, 107162.8, Stable
2025/07/04, 05:18:10, 19.07512, 102645.5, 52.38799, 104426.1, Stable
2025/07/04, 05:30:29, 19.2132, 102651.2, 52.42802, 100589.4, Stable
2025/07/04, 05:42:48, 19.21501, 102650.0, 52.59406, 99105.98, Stable
2025/07/04, 05:55:07, 19.23627, 102652.7, 52.78594, 97931.2, Stable
2025/07/04, 06:07:26, 19.19741, 102662.1, 53.07122, 99258.27, Stable
2025/07/04, 06:19:45, 19.15978, 102663.8, 53.37284, 101404.1, Stable
2025/07/04, 06:32:04, 19.25156, 102654.6, 53.49513, 99468.14, Stable
2025/07/04, 06:44:23, 19.27524, 102660.9, 54.13703, 99050.99, Stable
2025/07/04, 06:56:41, 19.30177, 102660.6, 55.09209, 97999.98, Stable
2025/07/04, 07:09:00, 19.34341, 102656.5, 55.81009, 96016.13, Stable
2025/07/04, 07:21:19, 19.34982, 102673.4, 57.08167, 99344.68, Stable
2025/07/04, 07:33:38, 19.3887, 102666.2, 57.83686, 101103.1, Stable
2025/07/04, 07:45:57, 19.24172, 102663.5, 60.0291, 102281.8, Stable
2025/07/04, 07:58:16, 19.23555, 102658.1, 60.97318, 100329.5, Stable
2025/07/04, 08:10:35, 19.19305, 102655.6, 61.53901, 102764.5, Stable
2025/07/04, 08:22:54, 19.33475, 102641.3, 60.846, 101363.8, Stable
2025/07/04, 08:35:13, 19.30591, 102630.4, 60.87492, 104965.8, Stable
2025/07/04, 08:47:32, 19.50523, 102609.2, 59.05719, 103855.1, Stable
2025/07/04, 08:59:51, 19.4405, 102612.2, 58.37339, 107266.0, Stable
2025/07/04, 09:12:10, 19.63307, 102597.6, 57.07127, 107317.5, Stable
2025/07/04, 09:24:29, 19.8423, 102575.5, 56.06512, 100686.1, Stable
2025/07/04, 09:36:48, 21.17758, 102570.2, 52.64089, 88399.64, Stable
2025/07/04, 09:49:07, 20.98584, 102555.4, 50.71614, 98606.36, Stable
2025/07/04, 10:01:26, 21.47733, 102547.8, 49.21807, 91075.07, Stable
2025/07/04, 10:13:45, 21.50353, 102533.6, 48.93011, 89445.03, Stable
2025/07/04, 10:26:04, 21.5516, 102531.9, 48.1792, 90609.66, Stable
2025/07/04, 10:38:23, 22.15305, 102522.3, 48.98835, 88796.48, Stable
2025/07/04, 10:50:42, 22.31067, 102510.0, 49.92775, 89808.3, Stable
2025/07/04, 11:03:01, 22.08454, 102506.9, 51.19782, 88415.73, Stable
2025/07/04, 11:15:20, 22.959, 102496.0, 50.53428, 85076.02, Stable
2025/07/04, 11:27:39, 23.1832, 102486.6, 48.67175, 84358.27, Stable
2025/07/04, 11:39:58, 23.3384, 102479.0, 48.1356, 84913.13, Stable
2025/07/04, 11:52:17, 23.44021, 102465.5, 47.4494, 84376.38, Stable
2025/07/04, 12:04:36, 22.98233, 102443.2, 48.15792, 81474.88, Stable
2025/07/04, 12:16:55, 22.75021, 102430.7, 47.79347, 85089.98, Stable
2025/07/04, 12:29:14, 22.7107, 102415.3, 47.62813, 84741.15, Stable
2025/07/04, 12:41:32, 22.65087, 102400.4, 47.41426, 85886.59, Stable
2025/07/04, 12:53:51, 22.60378, 102380.8, 47.39272, 86167.72, Stable
2025/07/04, 13:06:10, 22.75271, 102356.0, 46.93376, 87587.91, Stable
2025/07/04, 13:18:29, 22.55425, 102348.0, 46.37426, 84859.51, Stable
2025/07/04, 13:30:48, 22.94349, 102338.6, 42.42706, 101016.5, Stable
2025/07/04, 13:43:07, 23.25744, 102319.1, 40.36701, 97567.04, Stable
2025/07/04, 13:55:26, 23.42009, 102308.9, 41.01659, 90213.52, Stable
2025/07/04, 14:07:45, 23.50697, 102300.4, 41.97839, 81070.3, Stable
2025/07/04, 14:20:04, 23.77234, 102285.8, 40.87608, 87849.92, Stable
2025/07/04, 14:32:23, 23.66576, 102278.9, 41.00205, 92462.41, Stable
2025/07/04, 14:44:42, 23.87815, 102267.6, 40.28236, 88358.9, Stable
2025/07/04, 20:40:40, 23.30311, 102091.2, 42.03429, 161552.9, Unstable
2025/07/04, 20:56:22, 23.02423, 102073.6, 43.08394, 15706.74, Unstable
2025/07/04, 21:08:40, 23.22757, 102066.6, 42.81518, 55315.9, Stable
2025/07/04, 21:20:59, 23.21811, 102062.2, 43.53338, 70075.55, Stable
2025/07/04, 21:33:18, 23.48418, 102048.3, 44.42082, 72299.91, Stable
2025/07/04, 21:38:38, 23.53285, 102036.5, 44.92074, 1104442.0, Unstable
2025/07/04, 21:51:49, 23.47973, 102023.3, 45.94806, 544477.8, Unstable
2025/07/04, 22:04:09, 23.77681, 102014.2, 44.63632, 77254.08, Stable
2025/07/04, 22:16:30, 23.84528, 102017.4, 44.57713, 77225.71, Stable
2025/07/04, 22:27:15, 23.90467, 102001.5, 44.81707, 1537129.0, Unstable
2025/07/04, 22:30:19, 23.906, 101999.2, 45.32366, 1594012.0, Unstable
2025/07/04, 22:31:42, 28.38519, 101998.6, 55.26424, 371559.1, Unstable
2025/07/04, 22:35:38, 25.61485, 102003.4, 66.12096, 902111.4, Unstable
2025/07/04, 22:40:32, 25.13821, 101984.5, 42.66109, 988846.0, Unstable
2025/07/04, 22:52:53, 23.57311, 101982.9, 45.55357, 75732.45, Stable
2025/07/04, 23:05:14, 23.27511, 101972.2, 46.48897, 76868.66, Stable
2025/07/04, 23:17:36, 23.36242, 101973.7, 46.25455, 79288.76, Stable
2025/07/04, 23:29:57, 23.24799, 101963.3, 46.73154, 78977.28, Stable
2025/07/04, 23:34:52, 23.0561, 101951.6, 47.92368, 1709633.0, Unstable
2025/07/04, 23:39:47, 22.65104, 101937.7, 49.08553, 548839.6, Unstable
2025/07/04, 23:41:44, 22.73869, 101934.9, 48.81283, 1521846.0, Unstable
2025/07/04, 23:42:40, 22.87416, 101936.2, 48.27581, 1468522.0, Unstable
2025/07/04, 23:54:59, 27.58688, 101936.2, 42.70635, 66939.98, Stable
2025/07/05, 00:36:36, 22.91666, 101870.1, 47.66965, 641048.7, Unstable
2025/07/05, 00:38:25, 23.00962, 101862.0, 50.53412, 976844.0, Unstable
2025/07/05, 00:50:44, 21.54935, 101850.4, 51.2816, 87907.18, Stable
2025/07/05, 01:03:04, 21.36923, 101839.5, 51.52568, 90196.48, Stable
2025/07/05, 01:15:24, 21.35527, 101827.9, 51.3896, 95012.7, Stable
2025/07/05, 01:27:43, 21.32519, 101804.5, 51.3907, 97363.16, Stable
2025/07/05, 01:40:03, 21.25813, 101790.8, 51.25805, 98976.99, Stable
2025/07/05, 01:52:23, 21.1882, 101763.0, 51.13369, 100436.2, Stable
2025/07/05, 02:04:43, 21.19358, 101728.2, 51.14338, 100200.5, Stable
2025/07/05, 02:17:02, 21.17099, 101725.8, 51.46811, 100696.7, Stable
2025/07/05, 02:29:22, 21.06698, 101718.2, 52.07658, 101166.7, Stable
2025/07/05, 02:41:42, 21.10776, 101713.8, 52.67358, 99982.53, Stable
2025/07/05, 02:54:01, 21.03091, 101693.8, 54.30262, 99007.67, Stable
2025/07/05, 03:06:21, 21.02096, 101663.7, 55.93013, 96660.02, Stable
2025/07/05, 03:18:41, 21.10726, 101643.8, 56.36283, 95729.23, Stable
2025/07/05, 03:31:01, 21.1205, 101645.7, 56.73448, 94795.66, Stable
2025/07/05, 03:43:20, 21.08705, 101632.3, 57.23908, 95258.02, Stable
2025/07/05, 03:55:40, 21.07378, 101628.4, 58.2342, 93582.87, Stable
2025/07/05, 04:08:00, 20.99346, 101598.2, 59.3802, 93915.11, Stable
2025/07/05, 04:20:19, 21.1091, 101588.5, 58.94181, 93149.86, Stable
2025/07/05, 04:32:39, 21.07611, 101589.6, 59.67155, 92402.41, Stable
2025/07/05, 04:44:59, 21.04774, 101576.8, 60.1024, 92317.95, Stable
2025/07/05, 04:57:19, 21.04807, 101569.4, 60.9024, 91594.13, Stable
2025/07/05, 05:09:38, 21.09243, 101565.0, 60.96877, 90724.35, Stable
2025/07/05, 05:21:58, 21.17356, 101552.4, 60.63076, 89657.89, Stable
2025/07/05, 05:34:18, 21.09571, 101546.2, 61.06823, 91645.39, Stable
2025/07/05, 05:46:38, 21.08485, 101541.0, 61.33984, 90652.95, Stable
2025/07/05, 05:58:57, 21.10439, 101526.9, 61.2094, 90751.25, Stable
2025/07/05, 06:11:17, 21.12133, 101525.4, 61.42939, 90123.34, Stable
2025/07/05, 06:23:37, 21.14739, 101527.4, 61.13806, 90148.68, Stable
2025/07/05, 06:35:56, 21.1901, 101526.8, 61.04877, 90262.12, Stable
2025/07/05, 06:48:16, 21.0988, 101523.3, 61.76283, 91394.29, Stable
2025/07/05, 07:00:36, 21.10818, 101503.3, 62.14139, 89467.12, Stable
2025/07/05, 07:12:56, 21.11879, 101486.4, 61.69041, 89741.58, Stable
2025/07/05, 07:25:15, 21.07973, 101476.9, 61.44943, 90803.95, Stable
2025/07/05, 07:37:35, 21.06854, 101477.5, 61.58322, 92302.8, Stable
2025/07/05, 07:49:55, 21.22135, 101479.8, 61.1409, 88442.98, Stable
2025/07/05, 08:02:14, 21.20762, 101468.7, 62.16685, 88304.74, Stable
2025/07/05, 08:14:34, 21.00747, 101465.8, 62.64969, 88009.63, Stable
2025/07/05, 08:26:54, 21.03108, 101459.3, 62.83581, 88596.6, Stable
2025/07/05, 08:39:14, 21.03267, 101457.0, 63.14176, 90414.03, Stable
2025/07/05, 08:51:33, 21.00851, 101438.1, 63.53101, 90372.16, Stable
2025/07/05, 09:03:53, 21.08195, 101438.7, 63.67557, 89371.16, Stable
2025/07/05, 09:16:13, 21.01072, 101431.0, 64.17078, 89921.66, Stable
2025/07/05, 09:28:33, 20.97894, 101418.1, 64.43848, 89341.96, Stable
2025/07/05, 09:40:52, 21.007, 101408.4, 64.80104, 88648.0, Stable
2025/07/05, 09:53:12, 21.05073, 101404.2, 64.97265, 89524.27, Stable
2025/07/05, 10:05:32, 21.08063, 101381.4, 65.07066, 88835.39, Stable
2025/07/05, 10:17:52, 21.13147, 101369.8, 64.82884, 87015.14, Stable
2025/07/05, 10:30:11, 21.10295, 101360.0, 65.35107, 86962.71, Stable
2025/07/05, 10:42:31, 21.13719, 101357.0, 65.58518, 85897.05, Stable
2025/07/05, 10:54:51, 21.14926, 101349.9, 65.97014, 88751.43, Stable
2025/07/05, 11:07:10, 21.16336, 101339.2, 66.47689, 86670.12, Stable
2025/07/05, 11:19:30, 21.21967, 101330.6, 66.39481, 86500.7, Stable
2025/07/05, 11:31:50, 20.99174, 101323.0, 68.66396, 87182.57, Stable
2025/07/05, 11:44:10, 21.15703, 101315.4, 70.48927, 83776.93, Stable
2025/07/05, 11:56:29, 21.14017, 101301.1, 70.38049, 85051.98, Stable
2025/07/05, 12:08:49, 21.09304, 101287.6, 70.88044, 85659.64, Stable
2025/07/05, 12:21:09, 21.49582, 101268.3, 70.0647, 82418.73, Stable
2025/07/05, 12:33:28, 21.63973, 101255.3, 68.73227, 84004.49, Stable
2025/07/05, 12:45:48, 21.77435, 101246.9, 66.36642, 85662.66, Stable
2025/07/05, 12:58:08, 21.81673, 101240.2, 66.93178, 83726.35, Stable
2025/07/05, 13:10:28, 21.81388, 101230.9, 68.40524, 79808.4, Stable
2025/07/05, 13:22:47, 21.87686, 101217.4, 67.74329, 83037.16, Stable
2025/07/05, 13:35:07, 22.02194, 101204.4, 67.29329, 81391.74, Stable
2025/07/05, 13:47:27, 22.11624, 101191.8, 66.1673, 84211.13, Stable
2025/07/05, 13:59:46, 22.12457, 101183.4, 65.30618, 83496.02, Stable
2025/07/05, 14:12:06, 22.18431, 101181.8, 65.02945, 82026.48, Stable
2025/07/05, 14:24:26, 27.38644, 101206.6, 53.53629, 53264.52, Stable
2025/07/05, 14:36:45, 22.49429, 101203.9, 62.52675, 54860.7, Stable
2025/07/05, 14:49:05, 22.63216, 101200.7, 62.91986, 52632.77, Stable
2025/07/05, 15:01:25, 22.67038, 101196.9, 63.03441, 51312.46, Stable
2025/07/05, 15:13:45, 22.80575, 101183.6, 61.8982, 50914.07, Stable
2025/07/05, 15:26:04, 22.89191, 101163.4, 61.48282, 50705.43, Stable
2025/07/05, 15:38:24, 22.98082, 101148.1, 61.24894, 50999.9, Stable
2025/07/05, 15:50:44, 22.96243, 101143.7, 61.06723, 51471.16, Stable
2025/07/05, 16:03:03, 22.90495, 101132.8, 60.58029, 52154.38, Stable
2025/07/05, 16:15:23, 22.83396, 101124.4, 60.22531, 52017.46, Stable
2025/07/05, 16:27:43, 22.79009, 101110.1, 59.94511, 51758.12, Stable
2025/07/05, 16:40:03, 22.78026, 101098.0, 59.67607, 51579.89, Stable
2025/07/05, 16:52:22, 22.68981, 101098.0, 59.62803, 51479.63, Stable
2025/07/05, 17:04:42, 22.65685, 101096.7, 59.46082, 51288.87, Stable
2025/07/05, 17:17:02, 22.63373, 101077.8, 59.32659, 51500.75, Stable
2025/07/05, 17:29:21, 22.63043, 101063.4, 59.11736, 51415.25, Stable
2025/07/05, 17:41:41, 22.60019, 101046.8, 59.02128, 51526.43, Stable
2025/07/05, 17:54:01, 22.57272, 101036.2, 58.92323, 51598.57, Stable
2025/07/05, 18:06:21, 22.54775, 101034.7, 58.87434, 51689.2, Stable
2025/07/05, 18:18:40, 22.52164, 101033.0, 58.86681, 51786.88, Stable
2025/07/05, 18:31:00, 22.4938, 101031.2, 58.88717, 52250.13, Stable
2025/07/05, 18:43:20, 22.46381, 101021.5, 58.80205, 52459.57, Stable
2025/07/05, 18:55:40, 22.4318, 101019.0, 58.80363, 52522.82, Stable
2025/07/05, 19:07:59, 22.414, 101007.3, 58.64846, 52559.77, Stable
2025/07/05, 19:20:19, 22.38673, 100996.3, 58.62313, 52643.8, Stable
2025/07/05, 19:32:39, 22.3567, 100989.6, 58.59193, 52836.8, Stable
2025/07/05, 19:44:58, 22.28834, 100965.0, 58.76953, 53074.96, Stable
2025/07/05, 19:57:18, 22.23432, 100964.2, 58.94663, 53371.4, Stable
2025/07/05, 20:09:38, 22.19508, 100954.5, 59.0104, 53297.04, Stable
2025/07/05, 20:21:58, 22.16297, 100954.1, 59.03014, 53387.14, Stable
2025/07/05, 20:34:17, 22.12953, 100955.6, 58.97728, 53431.95, Stable
2025/07/05, 20:46:37, 22.09995, 100962.4, 58.84129, 53670.31, Stable
2025/07/05, 20:58:57, 22.07347, 100951.9, 58.87666, 53981.85, Stable
2025/07/05, 21:11:17, 22.05111, 100931.4, 58.83536, 54158.78, Stable
2025/07/05, 21:23:36, 22.02168, 100919.1, 58.64463, 53877.36, Stable
2025/07/05, 21:35:56, 21.99809, 100923.9, 58.55486, 53831.11, Stable
2025/07/05, 21:48:16, 21.97883, 100912.2, 58.47632, 53912.81, Stable
2025/07/05, 22:00:36, 21.95935, 100897.5, 58.39365, 54009.24, Stable
2025/07/05, 22:12:55, 22.0955, 100872.5, 61.23236, 54917.57, Stable
2025/07/05, 22:25:15, 21.76838, 100838.5, 65.59219, 66367.05, Stable
2025/07/05, 22:37:35, 21.7581, 100839.9, 66.05683, 69475.96, Stable
2025/07/05, 22:49:54, 21.60045, 100828.8, 67.47369, 72534.18, Stable
2025/07/05, 23:02:14, 21.40464, 100827.5, 68.39941, 74657.65, Stable
2025/07/05, 23:14:34, 21.21515, 100818.5, 69.48183, 71455.18, Stable
2025/07/05, 23:26:54, 21.2319, 100807.2, 69.54348, 77318.83, Stable
2025/07/05, 23:39:13, 21.30411, 100799.1, 69.37454, 77393.72, Stable
2025/07/05, 23:51:33, 21.08423, 100789.3, 70.8667, 77250.8, Stable
2025/07/06, 00:03:53, 21.25813, 100768.5, 69.93117, 76691.65, Stable
2025/07/06, 00:16:13, 21.28338, 100745.0, 68.86313, 77571.92, Stable
2025/07/06, 00:28:32, 21.03852, 100742.5, 69.46149, 78506.79, Stable
2025/07/06, 00:40:52, 21.05662, 100723.9, 69.48699, 76111.54, Stable
2025/07/06, 00:53:12, 20.85782, 100721.7, 70.72356, 78309.16, Stable
2025/07/06, 01:05:31, 20.75574, 100709.3, 71.59914, 78033.2, Stable
2025/07/06, 01:17:51, 20.65355, 100698.1, 71.45124, 79089.17, Stable
2025/07/06, 01:30:11, 21.06189, 100678.1, 69.17319, 76083.39, Stable
2025/07/06, 01:42:31, 20.913, 100674.2, 68.23588, 77523.48, Stable
2025/07/06, 01:54:50, 20.80553, 100667.5, 68.36998, 78058.6, Stable
2025/07/06, 02:07:10, 20.8845, 100650.3, 68.56517, 76229.93, Stable
2025/07/06, 02:19:30, 20.76467, 100646.7, 68.82474, 76269.2, Stable
2025/07/06, 02:31:50, 20.63427, 100629.4, 69.61977, 76232.7, Stable
2025/07/06, 02:44:09, 20.70708, 100601.5, 69.24255, 74778.24, Stable
2025/07/06, 02:56:29, 21.00898, 100571.8, 67.88853, 72050.67, Stable
2025/07/06, 03:08:49, 20.94665, 100560.1, 67.7258, 72822.98, Stable
2025/07/06, 03:21:08, 21.03539, 100541.7, 67.21432, 71838.34, Stable
2025/07/06, 03:33:28, 20.86852, 100543.8, 67.61024, 72514.86, Stable
2025/07/06, 03:45:48, 20.79806, 100535.7, 67.3856, 73334.98, Stable
2025/07/06, 03:58:08, 20.55899, 100535.5, 68.29344, 74960.36, Stable
2025/07/06, 04:10:27, 20.65677, 100527.5, 68.04863, 73903.45, Stable
2025/07/06, 04:22:47, 20.61042, 100511.0, 68.31442, 74092.41, Stable
2025/07/06, 04:35:07, 20.68344, 100519.7, 68.03256, 71905.37, Stable
2025/07/06, 04:47:27, 20.57018, 100489.3, 68.1561, 73506.7, Stable
2025/07/06, 04:59:46, 20.30803, 100492.7, 69.15827, 75927.15, Stable
2025/07/06, 05:12:06, 20.59435, 100482.9, 68.13793, 71843.25, Stable
2025/07/06, 05:24:26, 20.57385, 100472.2, 67.83273, 72265.57, Stable
2025/07/06, 05:36:45, 20.75338, 100462.2, 67.07366, 69918.97, Stable
2025/07/06, 05:49:05, 20.39711, 100459.1, 67.90301, 73579.84, Stable
2025/07/06, 06:01:25, 20.39349, 100454.0, 68.00575, 73428.61, Stable
2025/07/06, 06:13:45, 20.41266, 100449.7, 68.09782, 72545.77, Stable
2025/07/06, 06:26:04, 20.30526, 100452.3, 68.57695, 74195.18, Stable
2025/07/06, 06:38:24, 20.31236, 100454.1, 69.25875, 73421.32, Stable
2025/07/06, 06:50:44, 19.97647, 100454.4, 70.96997, 75876.6, Stable
2025/07/06, 07:03:04, 20.18193, 100470.5, 71.21289, 72909.91, Stable
2025/07/06, 07:15:23, 20.06633, 100459.3, 72.00814, 73498.4, Stable
2025/07/06, 07:27:43, 20.09259, 100452.7, 71.01618, 73778.04, Stable
2025/07/06, 07:40:03, 20.15372, 100448.5, 69.55144, 73789.88, Stable
2025/07/06, 07:52:23, 20.03711, 100452.9, 69.5321, 75305.58, Stable
2025/07/06, 08:04:42, 20.03354, 100449.5, 69.32884, 75469.77, Stable
2025/07/06, 08:17:02, 20.03954, 100448.4, 69.19711, 75838.7, Stable
2025/07/06, 08:29:22, 19.96961, 100456.6, 70.72369, 74781.3, Stable
2025/07/06, 08:41:41, 19.67537, 100459.2, 71.60323, 77173.85, Stable
2025/07/06, 08:54:01, 19.86161, 100457.0, 70.14915, 77762.88, Stable
2025/07/06, 09:06:21, 19.82327, 100454.2, 69.61547, 79843.46, Stable
2025/07/06, 09:18:41, 19.76159, 100447.0, 69.44138, 80608.41, Stable
2025/07/06, 09:31:00, 19.8397, 100447.6, 68.70029, 81318.59, Stable
2025/07/06, 09:43:20, 19.90902, 100446.5, 68.47644, 79588.79, Stable
2025/07/06, 09:55:40, 19.91296, 100449.6, 68.8625, 80829.02, Stable
2025/07/06, 10:08:00, 19.95575, 100462.9, 67.71803, 81697.88, Stable
2025/07/06, 10:20:19, 19.8462, 100462.6, 69.45889, 80297.84, Stable
2025/07/06, 10:32:39, 20.04654, 100455.4, 67.53259, 82051.64, Stable
2025/07/06, 10:44:59, 20.04434, 100467.6, 66.21964, 84106.78, Stable
2025/07/06, 10:57:18, 20.159, 100459.0, 64.22514, 85335.55, Stable
2025/07/06, 11:09:38, 20.22157, 100467.3, 63.91808, 84951.13, Stable
2025/07/06, 11:21:58, 20.41829, 100469.1, 63.4243, 82564.74, Stable
2025/07/06, 11:34:18, 20.4596, 100462.2, 62.55466, 83662.24, Stable
2025/07/06, 11:46:37, 20.53061, 100465.4, 61.00858, 82864.08, Stable
2025/07/06, 11:58:57, 20.52192, 100472.6, 61.45513, 82246.2, Stable
2025/07/06, 12:11:17, 20.57146, 100487.9, 60.4897, 83958.57, Stable
2025/07/06, 12:23:36, 20.53138, 100508.0, 61.6987, 78338.64, Stable
2025/07/06, 12:35:56, 20.38518, 100533.8, 60.56204, 84119.23, Stable
2025/07/06, 12:48:16, 20.32024, 100546.9, 60.50055, 86447.98, Stable
2025/07/06, 13:00:36, 20.14806, 100561.3, 60.59732, 88507.08, Stable
2025/07/06, 13:12:55, 20.01278, 100567.6, 60.8414, 87942.38, Stable
2025/07/06, 13:25:15, 19.98848, 100591.7, 60.96452, 88917.98, Stable
2025/07/06, 13:37:35, 19.90726, 100598.3, 60.76868, 88627.22, Stable
2025/07/06, 13:49:55, 19.66855, 100606.1, 61.40169, 89291.26, Stable
2025/07/06, 14:02:14, 19.57019, 100609.0, 61.5614, 89684.78, Stable
2025/07/06, 14:14:34, 19.57659, 100610.5, 60.14966, 93582.97, Stable
2025/07/06, 14:26:54, 19.632, 100621.6, 59.62213, 91566.73, Stable
2025/07/06, 14:39:13, 19.55952, 100625.4, 59.58023, 92564.37, Stable
2025/07/06, 14:51:33, 19.4963, 100616.8, 59.70832, 92026.09, Stable
2025/07/06, 15:03:53, 19.37313, 100644.8, 60.59733, 90228.59, Stable
2025/07/06, 15:16:13, 19.20142, 100657.9, 58.25386, 99447.7, Stable
2025/07/06, 15:28:32, 19.33036, 100660.1, 58.83369, 94819.26, Stable
2025/07/06, 15:40:52, 19.0354, 100673.2, 61.88599, 90265.82, Stable
2025/07/06, 15:53:12, 19.05536, 100678.8, 62.45009, 90059.49, Stable
2025/07/06, 16:05:31, 18.76437, 100698.2, 62.5835, 95671.38, Stable
2025/07/06, 16:17:51, 18.82244, 100684.6, 62.91029, 94051.73, Stable
2025/07/06, 16:30:11, 18.82483, 100682.6, 62.05259, 93779.55, Stable
2025/07/06, 16:42:30, 18.78435, 100689.5, 61.41263, 95565.68, Stable
2025/07/06, 16:54:50, 18.77534, 100681.7, 61.175, 93294.14, Stable
2025/07/06, 17:07:10, 18.69617, 100673.6, 61.66524, 93485.95, Stable
2025/07/06, 17:19:30, 18.53359, 100670.3, 62.47101, 96192.09, Stable
2025/07/06, 17:31:49, 18.49702, 100678.0, 62.75276, 95133.91, Stable
2025/07/06, 17:44:09, 18.41878, 100671.5, 63.14322, 94912.48, Stable
2025/07/06, 17:56:29, 18.52, 100664.5, 62.97016, 94458.41, Stable
2025/07/06, 18:08:49, 18.46581, 100685.6, 63.07837, 94064.17, Stable
2025/07/06, 18:21:08, 18.43003, 100691.2, 63.091, 93719.98, Stable
2025/07/06, 18:33:28, 18.24623, 100679.2, 63.8151, 93975.25, Stable
2025/07/06, 18:45:48, 18.36222, 100684.0, 63.80483, 92520.02, Stable
2025/07/06, 18:58:07, 18.32884, 100686.5, 63.76796, 93666.33, Stable
2025/07/06, 19:10:27, 18.35061, 100683.5, 63.62297, 91286.12, Stable
2025/07/06, 19:22:47, 18.34415, 100711.9, 63.80313, 92602.59, Stable
2025/07/06, 19:35:07, 18.22728, 100710.5, 64.64024, 91227.63, Stable
2025/07/06, 19:47:26, 18.09551, 100692.4, 65.10458, 92009.01, Stable
2025/07/06, 19:59:46, 18.04761, 100701.7, 65.13649, 92358.79, Stable
2025/07/06, 20:12:06, 18.03755, 100702.3, 65.74741, 91210.78, Stable
2025/07/06, 20:24:25, 17.90946, 100718.4, 66.62714, 91948.98, Stable
2025/07/06, 20:36:45, 17.86008, 100729.6, 66.89281, 92637.65, Stable
2025/07/06, 20:49:05, 17.8126, 100737.8, 67.2346, 90893.24, Stable
2025/07/06, 21:01:25, 17.76613, 100749.3, 67.73852, 91447.29, Stable
2025/07/06, 21:13:44, 17.70333, 100753.6, 68.16702, 91960.66, Stable
2025/07/06, 21:26:04, 17.67799, 100772.2, 68.41901, 91228.77, Stable
2025/07/06, 21:38:24, 17.61066, 100763.7, 69.13105, 90730.73, Stable
2025/07/06, 21:50:43, 17.59174, 100777.8, 69.80648, 93334.57, Stable
2025/07/06, 22:03:03, 17.60235, 100770.4, 70.25112, 89812.17, Stable
2025/07/06, 22:15:23, 17.64366, 100739.9, 70.46315, 88032.8, Stable
2025/07/06, 22:27:43, 17.77796, 100744.3, 70.35386, 86594.86, Stable
2025/07/06, 22:40:02, 17.70435, 100742.8, 70.83874, 85338.05, Stable
2025/07/06, 22:52:22, 17.61531, 100747.2, 71.41076, 85852.68, Stable
2025/07/06, 23:04:42, 17.76882, 100732.5, 71.04336, 82808.11, Stable
2025/07/06, 23:17:02, 17.81593, 100736.6, 71.36489, 80886.16, Stable
2025/07/06, 23:29:21, 17.86638, 100727.8, 71.83643, 78586.59, Stable
2025/07/06, 23:41:41, 17.79331, 100730.3, 73.03495, 77892.55, Stable
2025/07/06, 23:54:01, 17.89349, 100720.9, 72.85851, 75905.98, Stable
2025/07/07, 00:06:20, 17.80278, 100725.0, 73.2215, 76957.27, Stable
2025/07/07, 00:18:40, 17.66351, 100723.2, 74.13472, 77344.2, Stable
2025/07/07, 00:31:00, 17.62456, 100717.9, 74.39503, 78573.93, Stable
2025/07/07, 00:43:19, 17.73145, 100715.4, 73.78769, 78129.66, Stable
2025/07/07, 00:55:39, 17.53904, 100730.6, 73.76392, 81276.85, Stable
2025/07/07, 01:07:59, 17.57835, 100745.3, 72.72126, 81958.92, Stable
2025/07/07, 01:20:19, 17.39853, 100749.5, 69.88127, 88600.05, Stable
2025/07/07, 01:32:38, 17.39636, 100749.3, 68.66124, 88901.05, Stable
2025/07/07, 01:44:58, 17.42985, 100751.4, 69.92929, 84805.47, Stable
2025/07/07, 01:57:18, 17.36955, 100759.1, 72.32963, 81976.93, Stable
2025/07/07, 02:09:37, 17.36749, 100759.0, 72.39976, 82467.25, Stable
2025/07/07, 02:21:57, 17.40043, 100754.2, 71.98355, 82371.02, Stable
2025/07/07, 02:34:17, 17.25913, 100752.9, 71.77949, 84047.75, Stable
2025/07/07, 02:46:37, 17.21685, 100749.2, 71.45397, 84441.51, Stable
2025/07/07, 02:58:56, 17.11102, 100748.9, 71.35732, 86131.18, Stable
2025/07/07, 03:11:16, 17.02534, 100765.7, 71.13806, 86315.14, Stable
2025/07/07, 03:23:36, 16.9108, 100770.1, 70.53118, 88853.13, Stable
2025/07/07, 03:35:56, 16.79607, 100781.2, 69.82315, 91242.47, Stable
2025/07/07, 03:48:15, 16.71137, 100802.3, 69.2966, 93787.7, Stable
2025/07/07, 04:00:35, 16.61094, 100824.6, 69.21399, 93413.3, Stable
2025/07/07, 04:12:55, 16.64169, 100829.0, 68.91756, 91704.79, Stable
2025/07/07, 04:25:14, 16.6658, 100837.9, 68.96072, 88672.74, Stable
2025/07/07, 04:37:34, 16.62651, 100850.9, 68.98905, 89580.68, Stable
2025/07/07, 04:49:54, 16.51042, 100844.3, 69.06755, 90870.65, Stable
2025/07/07, 05:02:13, 16.42831, 100855.6, 68.58183, 95251.03, Stable
2025/07/07, 05:14:33, 16.41798, 100841.9, 68.29424, 95419.7, Stable
2025/07/07, 05:26:53, 16.39437, 100871.8, 67.74825, 95691.05, Stable
2025/07/07, 05:39:13, 16.29801, 100880.4, 67.79365, 96686.62, Stable
2025/07/07, 05:51:32, 16.28889, 100894.0, 67.91532, 97283.52, Stable
2025/07/07, 06:03:52, 16.33521, 100891.3, 67.47536, 97242.13, Stable
2025/07/07, 06:16:12, 16.34513, 100909.4, 67.04269, 96042.52, Stable
2025/07/07, 06:28:31, 16.37366, 100909.4, 66.40874, 96673.23, Stable
2025/07/07, 06:40:51, 16.42031, 100937.0, 65.90175, 94868.93, Stable
2025/07/07, 06:53:11, 16.42773, 100956.3, 65.90858, 99146.95, Stable
2025/07/07, 07:05:31, 16.43175, 100970.9, 65.68922, 97697.64, Stable
2025/07/07, 07:17:50, 16.44827, 100987.5, 65.66296, 97152.83, Stable
2025/07/07, 07:30:10, 16.52836, 101002.1, 65.87513, 94645.52, Stable
2025/07/07, 07:42:30, 16.62758, 101013.7, 65.97641, 93116.73, Stable
2025/07/07, 07:54:49, 16.90533, 101035.5, 66.15021, 89573.45, Stable
2025/07/07, 08:07:09, 16.94588, 101060.0, 65.85579, 92888.37, Stable
2025/07/07, 08:19:29, 16.95121, 101076.0, 65.40976, 91527.26, Stable
2025/07/07, 08:31:49, 17.09081, 101092.4, 64.58391, 92895.43, Stable
2025/07/07, 08:44:08, 17.26841, 101107.2, 65.4862, 85724.13, Stable
2025/07/07, 08:56:28, 17.34134, 101117.3, 65.38868, 87836.67, Stable
2025/07/07, 09:08:48, 17.50896, 101124.1, 62.40667, 86705.97, Stable
2025/07/07, 09:21:07, 18.88558, 101133.3, 56.94425, 78787.67, Stable
2025/07/07, 09:33:27, 18.82836, 101135.5, 55.97468, 82448.98, Stable
2025/07/07, 09:45:47, 19.09085, 101155.0, 54.47061, 86987.2, Stable
2025/07/07, 09:58:07, 19.2777, 101157.8, 52.89494, 88332.99, Stable
2025/07/07, 10:10:26, 19.21169, 101162.4, 52.06437, 94881.38, Stable
2025/07/07, 10:22:46, 19.3836, 101195.6, 50.39257, 95195.55, Stable
2025/07/07, 10:35:06, 19.58297, 101204.6, 50.13423, 92628.18, Stable
2025/07/07, 10:47:26, 20.28563, 101228.4, 49.06371, 82121.57, Stable
2025/07/07, 10:59:45, 20.12166, 101227.2, 49.05315, 83865.73, Stable
2025/07/07, 11:12:05, 19.88159, 101217.4, 47.93208, 91151.16, Stable
2025/07/07, 11:24:25, 20.19307, 101231.0, 47.69218, 85968.23, Stable
2025/07/07, 11:36:44, 20.25922, 101250.1, 46.10283, 91941.58, Stable
2025/07/07, 11:49:04, 20.20231, 101252.7, 46.35634, 95481.09, Stable
2025/07/07, 12:01:24, 20.35255, 101266.1, 46.4814, 88414.87, Stable
2025/07/07, 12:13:44, 20.51429, 101264.5, 45.84601, 87200.57, Stable
2025/07/07, 12:26:03, 20.53525, 101269.5, 46.39355, 81192.25, Stable
2025/07/07, 12:38:23, 20.5905, 101279.1, 46.30893, 81384.43, Stable
2025/07/07, 12:50:43, 20.55159, 101274.9, 46.02016, 83668.8, Stable
2025/07/07, 13:03:02, 20.51833, 101279.8, 46.73811, 83338.49, Stable
2025/07/07, 13:15:22, 20.78289, 101285.9, 47.0327, 78018.86, Stable
2025/07/07, 13:27:42, 20.86067, 101291.5, 48.10706, 76134.59, Stable
2025/07/07, 13:40:01, 21.20557, 101309.3, 48.14461, 76790.87, Stable
2025/07/07, 13:52:21, 21.24983, 101323.9, 47.73481, 80985.53, Stable
2025/07/07, 14:04:41, 21.42428, 101332.5, 46.87484, 83981.66, Stable
2025/07/07, 14:17:01, 21.47421, 101344.6, 46.77716, 84326.27, Stable
2025/07/07, 14:29:20, 21.54313, 101345.6, 45.66321, 85771.86, Stable
2025/07/07, 14:41:40, 21.54363, 101353.0, 45.49511, 88657.3, Stable
2025/07/07, 14:54:00, 21.51507, 101371.1, 45.70108, 90674.9, Stable
2025/07/07, 15:06:20, 21.50276, 101388.1, 45.63629, 93755.84, Stable
2025/07/07, 15:18:39, 21.55385, 101390.3, 45.00739, 94488.16, Stable
2025/07/07, 15:30:59, 21.67817, 101404.4, 44.89051, 90264.07, Stable
2025/07/07, 15:43:19, 21.69062, 101400.9, 45.18472, 90630.32, Stable
2025/07/07, 15:55:38, 21.78474, 101418.0, 44.74778, 91594.03, Stable
2025/07/07, 16:07:58, 21.68072, 101417.1, 45.70296, 92606.7, Stable
2025/07/07, 16:20:18, 21.70951, 101441.0, 44.47848, 95604.73, Stable
2025/07/07, 16:32:37, 21.55661, 101439.2, 45.06398, 95836.46, Stable
2025/07/07, 16:44:57, 21.62327, 101449.0, 43.83414, 98761.12, Stable
2025/07/07, 16:57:17, 21.50627, 101442.5, 43.50158, 102082.3, Stable
2025/07/07, 17:09:37, 21.47079, 101438.0, 44.11586, 99969.09, Stable
2025/07/07, 17:21:56, 21.4924, 101435.7, 44.37384, 97690.35, Stable
2025/07/07, 17:34:16, 21.52158, 101439.5, 44.22412, 100616.9, Stable
2025/07/07, 17:46:36, 21.65179, 101452.1, 43.61272, 99765.07, Stable
2025/07/07, 17:58:55, 21.43783, 101457.2, 43.88639, 102855.9, Stable
2025/07/07, 18:11:15, 21.42598, 101456.1, 44.49697, 98708.03, Stable
2025/07/07, 18:23:35, 21.0701, 101457.7, 45.41454, 100026.6, Stable
2025/07/07, 18:35:55, 20.96217, 101461.1, 45.54598, 100657.6, Stable
2025/07/07, 18:48:14, 20.87665, 101459.2, 45.59278, 94905.16, Stable
2025/07/07, 19:00:34, 20.79146, 101459.6, 48.03386, 92079.58, Stable
2025/07/07, 19:12:54, 20.75084, 101473.1, 49.89304, 87756.63, Stable
2025/07/07, 19:25:14, 20.57493, 101468.4, 50.42539, 90571.91, Stable
2025/07/07, 19:37:33, 20.39285, 101481.5, 51.18646, 93352.93, Stable
2025/07/07, 19:49:53, 20.37919, 101493.4, 51.59346, 92258.85, Stable
2025/07/07, 20:02:13, 20.13421, 101510.6, 52.28663, 98001.2, Stable
2025/07/07, 20:14:32, 20.15264, 101514.7, 52.34251, 93608.78, Stable
2025/07/07, 20:26:52, 20.08949, 101502.8, 52.81242, 89038.23, Stable
2025/07/07, 20:39:12, 20.02264, 101511.9, 53.49182, 90184.47, Stable
2025/07/07, 20:51:32, 19.9563, 101522.0, 53.88457, 89679.98, Stable
2025/07/07, 21:03:51, 19.99487, 101533.3, 53.86786, 86263.87, Stable
2025/07/07, 21:16:11, 19.66908, 101522.9, 55.56809, 91603.75, Stable
2025/07/07, 21:24:38, 20.37438, 101520.1, 56.25439, 7392741.0, Unstable
2025/07/08, 00:51:46, 20.48066, 101484.6, 60.39478, 516582.1, Unstable
2025/07/08, 00:52:48, 20.48996, 101483.0, 60.27004, 351144.1, Unstable
2025/07/08, 01:05:07, 17.84609, 101461.1, 70.7244, 69785.42, Stable
2025/07/08, 01:17:27, 17.71925, 101465.8, 71.35652, 76993.27, Stable
2025/07/08, 01:29:47, 17.63006, 101471.2, 72.08998, 80996.4, Stable
2025/07/08, 01:42:07, 17.57715, 101456.4, 72.22924, 83652.15, Stable
2025/07/08, 01:54:26, 17.50586, 101490.7, 72.5042, 85689.42, Stable
2025/07/08, 02:06:46, 17.47822, 101503.0, 72.49209, 87593.4, Stable
2025/07/08, 02:19:06, 17.57654, 101511.3, 71.66313, 87114.13, Stable
2025/07/08, 02:31:26, 17.33582, 101520.3, 71.74323, 93084.73, Stable
2025/07/08, 02:43:45, 17.35806, 101526.4, 70.52618, 94648.21, Stable
2025/07/08, 02:56:05, 17.34903, 101517.7, 69.60965, 95477.28, Stable
2025/07/08, 03:08:25, 17.23911, 101521.7, 68.55886, 98701.4, Stable
2025/07/08, 03:20:45, 17.43316, 101524.4, 67.70475, 92530.51, Stable
2025/07/08, 03:33:05, 17.34017, 101540.5, 67.68304, 94755.32, Stable
2025/07/08, 03:45:24, 17.24122, 101548.5, 67.73499, 96723.22, Stable
2025/07/08, 03:57:44, 17.39997, 101546.5, 67.49644, 90128.75, Stable
2025/07/08, 04:10:04, 17.42425, 101559.0, 67.46764, 89422.42, Stable
2025/07/08, 04:22:24, 17.13514, 101564.7, 67.43069, 97556.98, Stable
2025/07/08, 04:34:43, 17.01711, 101573.8, 66.92258, 100416.8, Stable
2025/07/08, 04:47:03, 16.94729, 101567.9, 66.58903, 101507.6, Stable
2025/07/08, 04:59:23, 16.7292, 101562.3, 66.57282, 107852.9, Stable
2025/07/08, 05:11:43, 16.66175, 101562.5, 66.24917, 107679.3, Stable
2025/07/08, 05:24:02, 16.58737, 101578.7, 65.88634, 109147.8, Stable
2025/07/08, 05:36:22, 16.43413, 101578.0, 66.20956, 111559.8, Stable
2025/07/08, 05:48:42, 16.49208, 101576.7, 66.58018, 106881.1, Stable
2025/07/08, 06:01:02, 16.46731, 101583.1, 66.44421, 108133.4, Stable
2025/07/08, 06:13:22, 16.49775, 101583.7, 66.42287, 107632.2, Stable
2025/07/08, 06:25:41, 16.56028, 101599.5, 66.55363, 105127.0, Stable
2025/07/08, 06:38:01, 16.57705, 101606.6, 66.38218, 106065.9, Stable
2025/07/08, 06:50:21, 16.70864, 101618.3, 65.32362, 105093.5, Stable
2025/07/08, 07:02:41, 16.72306, 101642.6, 64.91584, 104146.2, Stable
2025/07/08, 07:15:00, 16.70725, 101640.5, 64.53378, 110190.3, Stable
2025/07/08, 07:27:20, 17.58145, 101653.7, 63.97193, 77244.34, Stable
2025/07/08, 07:39:40, 17.62341, 101637.9, 63.58453, 73047.97, Stable
2025/07/08, 07:52:00, 17.67691, 101656.2, 63.78701, 69849.57, Stable
2025/07/08, 08:04:20, 17.70565, 101655.4, 63.4777, 71029.27, Stable
2025/07/08, 08:16:39, 17.77398, 101655.2, 62.80624, 71476.48, Stable
2025/07/08, 08:28:59, 17.76151, 101656.6, 62.0739, 72287.41, Stable
2025/07/08, 08:41:19, 17.84526, 101651.6, 61.90543, 70970.61, Stable
2025/07/08, 08:53:39, 18.00283, 101665.1, 61.18853, 70304.74, Stable
2025/07/08, 09:05:58, 18.04384, 101673.6, 60.97221, 68691.46, Stable
2025/07/08, 09:18:18, 18.08786, 101688.6, 60.37889, 68516.87, Stable
2025/07/08, 09:30:38, 18.18301, 101698.5, 59.87224, 67909.8, Stable
2025/07/08, 09:42:58, 18.25053, 101696.0, 59.07565, 67845.67, Stable
2025/07/08, 09:55:17, 18.38617, 101705.7, 59.00375, 65825.99, Stable
2025/07/08, 10:07:37, 18.48946, 101697.0, 58.79933, 65298.73, Stable
2025/07/08, 10:19:57, 18.53297, 101703.6, 58.62231, 64703.52, Stable
2025/07/08, 10:32:17, 18.67331, 101699.5, 58.37791, 63754.61, Stable
2025/07/08, 10:44:36, 18.68034, 101695.9, 56.46951, 67936.48, Stable
2025/07/08, 10:56:56, 18.90867, 101686.6, 57.59733, 62201.1, Stable
2025/07/08, 11:09:16, 18.95537, 101688.8, 56.17451, 64743.34, Stable
2025/07/08, 11:21:36, 18.9856, 101689.8, 55.74544, 65863.64, Stable
2025/07/08, 11:33:56, 19.08388, 101687.8, 55.99994, 63419.38, Stable
2025/07/08, 11:46:15, 19.1389, 101693.5, 53.24109, 68698.37, Stable
2025/07/08, 11:58:35, 19.20682, 101698.8, 53.72483, 68031.84, Stable
2025/07/08, 12:10:55, 19.26776, 101695.0, 52.81108, 69962.83, Stable
2025/07/08, 12:23:15, 19.37803, 101697.1, 53.99602, 64145.04, Stable
2025/07/08, 12:35:34, 19.46316, 101697.2, 54.08783, 64576.61, Stable
2025/07/08, 12:47:54, 19.50839, 101698.2, 53.28632, 65448.18, Stable
2025/07/08, 13:00:14, 19.58592, 101702.1, 53.82168, 63426.71, Stable
2025/07/08, 13:12:34, 19.63702, 101700.5, 53.60406, 64179.54, Stable
2025/07/08, 13:24:54, 19.72168, 101705.1, 53.40735, 62902.46, Stable
2025/07/08, 13:37:13, 19.74105, 101706.5, 53.53049, 62977.06, Stable
2025/07/08, 13:49:33, 19.80778, 101702.0, 52.3597, 65943.55, Stable
2025/07/08, 14:01:53, 19.88113, 101706.5, 52.35724, 64473.84, Stable
2025/07/08, 14:14:13, 19.92468, 101694.8, 52.10628, 64279.3, Stable
2025/07/08, 14:26:32, 19.97155, 101694.7, 51.8706, 64092.65, Stable
2025/07/08, 14:38:52, 20.03436, 101706.5, 51.89337, 63588.53, Stable
2025/07/08, 14:51:12, 20.08148, 101702.8, 52.11689, 63005.86, Stable
2025/07/08, 15:03:32, 20.13623, 101709.0, 51.73909, 63965.16, Stable
2025/07/08, 15:15:52, 20.20623, 101708.7, 52.01398, 62386.71, Stable
2025/07/08, 15:28:11, 20.24585, 101700.6, 51.6854, 63171.49, Stable
2025/07/08, 15:40:31, 20.31493, 101708.7, 51.46863, 62924.95, Stable
2025/07/08, 15:52:51, 20.35658, 101708.5, 51.26789, 63375.93, Stable
2025/07/08, 16:05:11, 20.41127, 101707.6, 51.35226, 62433.57, Stable
2025/07/08, 16:17:30, 20.44722, 101704.6, 51.69452, 61041.67, Stable
2025/07/08, 16:29:50, 20.51129, 101698.2, 51.57273, 60559.0, Stable
2025/07/08, 16:42:10, 20.57085, 101697.0, 50.71896, 63108.78, Stable
2025/07/08, 16:54:30, 20.59832, 101695.1, 50.79737, 62927.04, Stable
2025/07/08, 17:06:50, 20.68024, 101690.1, 50.54925, 62771.05, Stable
2025/07/08, 17:19:09, 20.75225, 101697.4, 50.69327, 62499.81, Stable
2025/07/08, 17:31:29, 20.81162, 101707.7, 50.82116, 61877.41, Stable
2025/07/08, 17:43:49, 20.90565, 101711.8, 50.50044, 62038.65, Stable
2025/07/08, 17:56:09, 20.84821, 101715.4, 50.76343, 64212.42, Stable
2025/07/08, 18:08:28, 20.95601, 101720.7, 50.93728, 62478.0, Stable
2025/07/08, 18:20:48, 20.97195, 101721.3, 51.12336, 62864.8, Stable
2025/07/08, 18:33:08, 20.96195, 101728.7, 51.54167, 64803.16, Stable
2025/07/08, 18:45:28, 20.99341, 101733.2, 52.22398, 64047.66, Stable
2025/07/08, 18:57:47, 21.12009, 101734.3, 52.65451, 62939.89, Stable
2025/07/08, 19:10:07, 21.24222, 101744.7, 52.8998, 60903.13, Stable
2025/07/08, 19:22:27, 21.10882, 101761.9, 53.61597, 64960.38, Stable
2025/07/08, 19:34:47, 21.16998, 101770.5, 53.51052, 63283.0, Stable
2025/07/08, 19:47:06, 21.09804, 101786.8, 54.03719, 63859.21, Stable
2025/07/08, 19:59:26, 21.09629, 101793.8, 54.09087, 61991.79, Stable
2025/07/08, 20:11:46, 21.33545, 101801.0, 53.6348, 56629.66, Stable
2025/07/08, 20:24:06, 21.42539, 101809.4, 53.85983, 54622.38, Stable
2025/07/08, 20:36:25, 21.45434, 101820.7, 54.11169, 53381.43, Stable
2025/07/08, 20:48:45, 21.47195, 101831.8, 54.29833, 52361.64, Stable
2025/07/08, 21:01:05, 21.48867, 101833.6, 54.44739, 51547.79, Stable
2025/07/08, 21:13:25, 21.50406, 101840.6, 54.71326, 50867.44, Stable
2025/07/08, 21:25:45, 21.51302, 101842.0, 54.91305, 50240.76, Stable
2025/07/08, 21:38:04, 21.52688, 101851.3, 55.05965, 49769.35, Stable
2025/07/08, 21:50:24, 21.56539, 101855.7, 55.49522, 48694.68, Stable
2025/07/08, 22:02:44, 21.58124, 101864.4, 55.57567, 48132.0, Stable
2025/07/08, 22:15:04, 21.57777, 101861.1, 55.68332, 46776.83, Stable
2025/07/08, 22:27:23, 21.58561, 101869.2, 55.75796, 46262.33, Stable
2025/07/08, 22:39:43, 21.59696, 101877.1, 55.80748, 45771.5, Stable
2025/07/08, 22:52:03, 21.59557, 101872.5, 55.94545, 45387.31, Stable
2025/07/08, 23:04:23, 21.5938, 101873.4, 55.95057, 45333.39, Stable
2025/07/08, 23:16:43, 21.59156, 101872.9, 55.99366, 45306.25, Stable
2025/07/08, 23:29:02, 21.57989, 101874.7, 56.06096, 45284.89, Stable
2025/07/08, 23:41:22, 21.3296, 101877.0, 55.04584, 52695.38, Stable
2025/07/08, 23:53:42, 21.62846, 101879.3, 55.65304, 47105.05, Stable
2025/07/09, 00:06:02, 21.56866, 101882.0, 55.97229, 46281.27, Stable
2025/07/09, 00:18:22, 21.54208, 101876.4, 56.05285, 46088.15, Stable
2025/07/09, 00:30:41, 21.52625, 101874.2, 56.16431, 45704.0, Stable
2025/07/09, 00:43:01, 21.50082, 101870.5, 56.39909, 45172.2, Stable
2025/07/09, 00:55:21, 21.47494, 101872.2, 56.5126, 44930.37, Stable
2025/07/09, 01:07:41, 21.46606, 101868.8, 56.59918, 44611.23, Stable
2025/07/09, 01:20:00, 21.47662, 101848.8, 56.61936, 44074.81, Stable
2025/07/09, 01:32:20, 21.4548, 101857.0, 56.82547, 43718.05, Stable
2025/07/09, 01:44:40, 21.44919, 101855.8, 56.97316, 43306.44, Stable
2025/07/09, 01:57:00, 21.45136, 101851.8, 57.10567, 42942.55, Stable
2025/07/09, 02:09:20, 21.43204, 101852.2, 57.47687, 42376.41, Stable
2025/07/09, 02:21:39, 21.39953, 101860.4, 57.59888, 42163.09, Stable
2025/07/09, 02:33:59, 21.37953, 101867.7, 57.5968, 42094.86, Stable
2025/07/09, 02:46:19, 21.37372, 101863.5, 57.79048, 42056.73, Stable
2025/07/09, 02:58:39, 21.33342, 101856.9, 57.93284, 41991.57, Stable
2025/07/09, 03:10:59, 21.33481, 101856.0, 57.94485, 41815.31, Stable
2025/07/09, 03:23:18, 21.327, 101851.4, 57.98397, 41675.99, Stable
2025/07/09, 03:35:38, 21.3084, 101848.1, 58.1239, 41596.85, Stable
2025/07/09, 03:47:58, 21.32348, 101840.1, 58.16399, 41453.65, Stable
2025/07/09, 04:00:18, 21.29559, 101842.0, 58.27849, 41604.95, Stable
2025/07/09, 04:12:37, 21.30293, 101845.0, 58.33675, 41338.62, Stable
2025/07/09, 04:24:57, 21.31195, 101861.4, 58.34065, 41285.56, Stable
2025/07/09, 04:37:17, 21.26609, 101863.0, 58.57487, 41277.62, Stable
2025/07/09, 04:49:37, 21.31021, 101872.5, 58.69883, 40735.19, Stable
2025/07/09, 05:01:57, 21.2934, 101883.2, 58.69313, 40996.67, Stable
2025/07/09, 05:14:16, 21.27914, 101890.4, 58.67579, 41086.16, Stable
2025/07/09, 05:26:36, 21.26254, 101896.7, 58.72738, 41031.51, Stable
2025/07/09, 05:38:56, 21.25086, 101912.3, 58.74196, 41083.77, Stable
2025/07/09, 05:51:16, 21.31054, 101918.3, 58.63827, 40754.18, Stable
2025/07/09, 06:03:35, 21.29147, 101927.0, 58.96071, 40570.18, Stable
2025/07/09, 06:15:55, 21.2634, 101934.6, 58.94797, 40654.35, Stable
2025/07/09, 06:28:15, 21.26718, 101938.1, 59.0563, 40540.71, Stable
2025/07/09, 06:40:35, 21.27228, 101928.3, 59.2443, 40291.32, Stable
2025/07/09, 06:52:54, 21.33536, 101927.7, 59.24394, 39628.71, Stable
2025/07/09, 07:05:14, 21.37428, 101925.4, 59.24756, 39257.98, Stable
2025/07/09, 07:17:34, 21.39113, 101930.0, 59.33352, 39089.56, Stable
2025/07/09, 07:29:54, 21.44452, 101934.2, 59.45966, 38714.54, Stable
2025/07/09, 07:42:13, 21.45525, 101943.9, 59.62136, 38714.47, Stable
2025/07/09, 07:54:33, 21.47742, 101946.4, 59.89092, 38622.78, Stable
2025/07/09, 08:06:53, 21.28715, 101939.8, 60.20741, 46508.06, Stable
2025/07/09, 08:19:13, 21.16167, 101943.8, 60.23736, 50375.52, Stable
2025/07/09, 08:31:33, 21.17911, 101940.1, 60.31964, 51683.96, Stable
2025/07/09, 08:43:52, 21.14586, 101944.0, 60.67871, 52359.9, Stable
2025/07/09, 08:56:12, 21.14825, 101938.6, 60.68709, 52721.59, Stable
2025/07/09, 09:08:32, 21.12703, 101942.6, 61.23639, 54787.79, Stable
2025/07/09, 09:20:52, 21.17856, 101943.7, 61.23571, 55689.75, Stable
2025/07/09, 09:33:11, 21.20606, 101940.1, 61.10259, 55800.56, Stable
2025/07/09, 09:45:31, 21.25928, 101937.6, 61.30811, 56488.51, Stable
2025/07/09, 09:57:51, 21.39255, 101941.5, 60.73652, 55655.24, Stable
2025/07/09, 10:10:11, 21.43297, 101946.3, 60.58776, 55676.3, Stable
2025/07/09, 10:22:31, 21.61315, 101952.8, 59.74821, 52829.7, Stable
2025/07/09, 10:34:50, 21.65838, 101950.3, 59.57943, 52853.01, Stable
2025/07/09, 10:47:10, 21.77989, 101943.8, 59.23122, 51512.68, Stable
2025/07/09, 10:59:30, 21.84814, 101940.1, 58.93107, 49717.32, Stable
2025/07/09, 11:11:50, 21.87979, 101946.4, 59.15149, 50678.89, Stable
2025/07/09, 11:24:09, 21.97558, 101930.8, 58.86467, 49113.7, Stable
2025/07/09, 11:36:29, 22.06656, 101936.2, 58.77347, 47941.77, Stable
2025/07/09, 11:48:49, 22.16205, 101942.6, 58.68421, 46663.5, Stable
2025/07/09, 12:01:09, 22.21702, 101940.6, 58.73871, 46101.97, Stable
2025/07/09, 12:13:29, 22.3471, 101933.6, 58.85345, 46826.54, Stable
2025/07/09, 12:25:48, 22.36908, 101922.5, 58.80171, 46297.91, Stable
2025/07/09, 12:38:08, 22.46655, 101923.5, 58.75283, 45562.08, Stable
2025/07/09, 12:50:28, 22.53248, 101920.8, 58.61802, 45148.37, Stable
2025/07/09, 13:02:48, 22.58895, 101916.1, 58.72809, 44903.98, Stable
2025/07/09, 13:15:07, 22.71312, 101909.6, 58.96435, 45295.15, Stable
2025/07/09, 13:27:27, 22.84279, 101909.4, 58.89093, 46987.68, Stable
2025/07/09, 13:39:47, 22.90763, 101908.8, 58.72439, 47140.35, Stable
2025/07/09, 13:52:07, 22.89983, 101910.3, 58.78162, 45358.45, Stable
2025/07/09, 14:04:27, 23.07476, 101906.2, 58.67188, 47423.54, Stable
2025/07/09, 14:16:46, 23.12075, 101908.6, 59.07988, 46141.01, Stable
2025/07/09, 14:29:06, 23.17603, 101901.1, 59.21548, 46439.91, Stable
2025/07/09, 14:41:26, 23.24686, 101898.6, 59.06098, 46462.2, Stable
2025/07/09, 14:53:46, 23.32304, 101904.5, 59.03401, 46741.11, Stable
2025/07/09, 15:06:05, 23.37974, 101906.5, 58.618, 48648.49, Stable
2025/07/09, 15:18:25, 23.43139, 101909.7, 58.18183, 48406.75, Stable
2025/07/09, 15:30:45, 23.46633, 101913.3, 57.50489, 48930.06, Stable
2025/07/09, 15:43:05, 23.49258, 101907.4, 57.45942, 48664.39, Stable
2025/07/09, 15:55:25, 23.52078, 101900.8, 57.49365, 48842.32, Stable
2025/07/09, 16:07:44, 23.5775, 101893.0, 57.41303, 48258.08, Stable
2025/07/09, 16:20:04, 23.58957, 101891.8, 57.52135, 46213.76, Stable
2025/07/09, 16:32:24, 23.64238, 101890.2, 56.78283, 47486.68, Stable
2025/07/09, 16:44:44, 23.66708, 101883.7, 56.65512, 49382.7, Stable
2025/07/09, 16:57:03, 23.80848, 101877.8, 55.92535, 50098.8, Stable
2025/07/09, 17:09:23, 23.90438, 101876.0, 55.93268, 49520.75, Stable
2025/07/09, 17:21:43, 23.92473, 101877.2, 55.97052, 49762.92, Stable
2025/07/09, 17:34:03, 23.99646, 101884.9, 56.05573, 48988.08, Stable
2025/07/09, 17:46:23, 24.04955, 101887.5, 56.23629, 47056.75, Stable
2025/07/09, 17:58:42, 24.04296, 101886.9, 55.82899, 49832.78, Stable
2025/07/09, 18:11:02, 22.75517, 101914.9, 60.27731, 52195.23, Stable
2025/07/09, 18:23:22, 22.69436, 101922.7, 60.78392, 55913.36, Stable
2025/07/09, 18:35:42, 22.73168, 101924.2, 61.62122, 56791.92, Stable
2025/07/09, 18:48:01, 22.81855, 101932.2, 63.04956, 53397.89, Stable
2025/07/09, 19:00:21, 22.90731, 101944.5, 62.14333, 54280.84, Stable
2025/07/09, 19:12:41, 23.29787, 101949.7, 62.24775, 60812.93, Stable
2025/07/09, 19:25:01, 23.46566, 101945.0, 67.20834, 59844.13, Stable
2025/07/09, 19:37:21, 23.48035, 101960.4, 68.18944, 53273.26, Stable
2025/07/09, 19:49:40, 23.56833, 101964.6, 65.3861, 37755.88, Stable
2025/07/09, 20:02:00, 23.41891, 101976.9, 64.18867, 34399.21, Stable
2025/07/09, 20:14:20, 23.13171, 101978.9, 63.33323, 43996.64, Stable
2025/07/09, 20:26:40, 22.97535, 101991.6, 63.4834, 44479.38, Stable
2025/07/09, 20:38:59, 22.85024, 102005.9, 63.68294, 44412.14, Stable
2025/07/09, 20:51:19, 22.83174, 102011.3, 63.67729, 44073.36, Stable
2025/07/09, 21:03:39, 22.7509, 102017.0, 64.38163, 45077.92, Stable
2025/07/09, 21:15:59, 22.65088, 102024.7, 65.00605, 49396.29, Stable
2025/07/09, 21:28:19, 22.56146, 102036.0, 64.60613, 51125.16, Stable
2025/07/09, 21:40:38, 22.48672, 102042.0, 64.34698, 52130.62, Stable
2025/07/09, 21:52:58, 22.39678, 102052.0, 63.90147, 51959.09, Stable
2025/07/09, 22:05:18, 22.89622, 102049.0, 61.80561, 50733.42, Stable
2025/07/09, 22:17:38, 22.32454, 102058.8, 63.73508, 53909.97, Stable
2025/07/09, 22:29:57, 22.27545, 102061.6, 63.70102, 56326.9, Stable
2025/07/09, 22:42:17, 22.28483, 102078.3, 64.61808, 54125.71, Stable
2025/07/09, 22:54:37, 22.31876, 102082.1, 64.8066, 49921.14, Stable
2025/07/09, 23:06:57, 21.87292, 102082.4, 65.41177, 55641.44, Stable
2025/07/09, 23:19:17, 18.24425, 102105.2, 77.36907, 63915.44, Stable
2025/07/09, 23:31:36, 18.18612, 102101.3, 77.93213, 75395.09, Stable
2025/07/09, 23:43:56, 17.64073, 102098.4, 80.77753, 78759.35, Stable
2025/07/09, 23:56:16, 17.42571, 102096.6, 82.10769, 79562.65, Stable
2025/07/10, 00:08:36, 22.04001, 102049.2, 64.49092, 63995.68, Stable
2025/07/10, 00:20:55, 22.16858, 102052.7, 63.95307, 60430.84, Stable
2025/07/10, 00:33:15, 22.45496, 102047.6, 62.85989, 55263.35, Stable
2025/07/10, 00:45:35, 22.27819, 102053.7, 63.03868, 56454.61, Stable
2025/07/10, 00:57:55, 21.74192, 102052.3, 64.7694, 59656.02, Stable
2025/07/10, 01:10:15, 22.08512, 102048.2, 63.77014, 58098.88, Stable
2025/07/10, 01:22:34, 22.20173, 102046.3, 63.18435, 55622.31, Stable
2025/07/10, 01:34:54, 22.24735, 102043.6, 62.93433, 55330.52, Stable
2025/07/10, 01:47:14, 22.33061, 102036.3, 62.51225, 53617.65, Stable
2025/07/10, 01:59:34, 22.28295, 102035.8, 62.38614, 54736.31, Stable
2025/07/10, 02:11:54, 22.30915, 102024.3, 62.1346, 53793.1, Stable
2025/07/10, 02:24:13, 22.26735, 102032.5, 62.1006, 54160.17, Stable
2025/07/10, 02:36:33, 22.27047, 102035.7, 61.82911, 54117.9, Stable
2025/07/10, 02:48:53, 22.22325, 102039.4, 61.48138, 55005.57, Stable
2025/07/10, 03:01:13, 22.21104, 102035.5, 61.19848, 55403.06, Stable
2025/07/10, 03:13:33, 22.09482, 102036.5, 61.34787, 56702.36, Stable
2025/07/10, 03:25:52, 22.06807, 102032.2, 61.40541, 56581.67, Stable
2025/07/10, 03:38:12, 22.07443, 102029.0, 61.34937, 56268.57, Stable
2025/07/10, 03:50:32, 21.9668, 102040.3, 61.47139, 57145.46, Stable
2025/07/10, 04:02:52, 21.76278, 102041.9, 61.97553, 58726.58, Stable
2025/07/10, 04:15:12, 21.91782, 102044.2, 61.49033, 56769.45, Stable
2025/07/10, 04:27:31, 21.89476, 102052.9, 61.28569, 56893.93, Stable
2025/07/10, 04:39:51, 21.34971, 102042.6, 62.53223, 61480.65, Stable
2025/07/10, 04:52:11, 21.62531, 102045.2, 61.99187, 58946.11, Stable
2025/07/10, 05:04:31, 21.58127, 102038.7, 61.92485, 59608.5, Stable
2025/07/10, 05:16:50, 21.16537, 102044.7, 63.28649, 61888.27, Stable
2025/07/10, 05:29:10, 21.52906, 102042.0, 62.5749, 59361.71, Stable
2025/07/10, 05:41:30, 21.3878, 102050.1, 63.32214, 59598.45, Stable
2025/07/10, 05:53:50, 21.40393, 102053.4, 63.56416, 59354.44, Stable
2025/07/10, 06:06:09, 21.2901, 102051.4, 63.99122, 59746.1, Stable
2025/07/10, 06:18:29, 21.19887, 102055.1, 64.40784, 60743.23, Stable
2025/07/10, 06:30:49, 21.38424, 102058.5, 63.97979, 58832.89, Stable
2025/07/10, 06:43:09, 21.43032, 102060.4, 64.22836, 57929.18, Stable
2025/07/10, 06:55:29, 21.65772, 102063.6, 63.68943, 49045.24, Stable
2025/07/10, 07:07:48, 21.7651, 102063.6, 63.95055, 50666.46, Stable
2025/07/10, 07:20:08, 21.77107, 102064.0, 64.61849, 53066.92, Stable
2025/07/10, 07:32:28, 21.87615, 102073.7, 64.19422, 52191.65, Stable
2025/07/10, 07:44:48, 22.00259, 102066.3, 63.54858, 50632.5, Stable
2025/07/10, 07:57:07, 22.12371, 102070.8, 63.39218, 51290.65, Stable
2025/07/10, 08:09:27, 22.05408, 102080.1, 64.33671, 52760.5, Stable
2025/07/10, 08:21:47, 22.20752, 102081.7, 64.43651, 39661.82, Stable
2025/07/10, 08:34:07, 22.24038, 102084.9, 64.16, 40739.72, Stable
2025/07/10, 08:46:27, 22.36902, 102079.9, 63.97821, 41995.76, Stable
2025/07/10, 08:58:46, 22.61889, 102076.3, 63.07198, 44501.02, Stable
2025/07/10, 09:11:06, 22.79964, 102076.7, 61.65731, 44749.31, Stable
2025/07/10, 09:23:26, 22.84414, 102067.8, 59.83017, 45555.29, Stable
2025/07/10, 09:35:46, 22.87965, 102063.7, 60.27138, 43213.36, Stable
2025/07/10, 09:48:05, 22.97238, 102062.8, 60.01353, 43588.01, Stable
2025/07/10, 10:00:25, 23.26447, 102054.6, 59.58063, 43919.14, Stable
2025/07/10, 10:12:45, 23.55793, 102053.3, 57.90392, 45880.88, Stable
2025/07/10, 10:25:05, 23.49023, 102054.5, 57.23115, 45741.54, Stable
2025/07/10, 10:37:25, 23.65017, 102047.6, 57.39421, 44462.54, Stable
2025/07/10, 10:49:44, 23.74711, 102033.7, 57.31638, 42948.8, Stable
2025/07/10, 11:02:04, 23.88097, 102029.9, 56.06453, 43665.66, Stable
2025/07/10, 11:14:24, 24.86252, 102035.2, 55.36016, 48302.19, Stable
2025/07/10, 11:26:44, 25.06321, 102027.7, 53.98238, 49316.92, Stable
2025/07/10, 11:39:03, 25.24196, 102019.7, 53.60774, 48956.54, Stable
2025/07/10, 11:51:23, 25.38843, 102017.9, 53.8828, 47940.85, Stable
2025/07/10, 12:03:43, 25.46423, 102008.7, 53.49052, 45839.26, Stable
2025/07/10, 12:16:03, 25.70643, 102009.2, 53.07141, 45980.66, Stable
2025/07/10, 12:28:23, 25.74689, 102002.4, 53.06398, 48398.14, Stable
2025/07/10, 12:40:42, 25.87325, 101994.6, 51.85065, 48924.12, Stable
2025/07/10, 12:53:02, 25.99076, 101982.9, 50.85907, 49257.55, Stable
2025/07/10, 13:05:22, 27.09096, 101969.2, 51.41733, 37203.34, Stable
2025/07/10, 13:17:42, 27.4222, 101959.8, 51.61407, 33642.9, Stable
2025/07/10, 13:30:01, 27.53236, 101951.4, 50.27249, 34935.14, Stable
2025/07/10, 13:42:21, 27.5896, 101946.7, 50.25259, 34481.45, Stable
2025/07/10, 13:54:41, 27.47573, 101942.4, 47.14667, 38571.52, Stable
2025/07/10, 14:07:01, 27.59721, 101939.6, 46.33622, 41170.36, Stable
2025/07/10, 14:19:21, 27.69593, 101923.6, 45.11561, 42145.07, Stable
2025/07/10, 14:31:40, 27.77244, 101913.6, 45.02081, 41174.64, Stable
2025/07/10, 14:44:00, 27.7848, 101907.1, 43.81385, 44114.39, Stable
2025/07/10, 14:56:20, 27.85351, 101901.4, 43.71626, 44279.94, Stable
2025/07/10, 15:08:40, 27.84482, 101898.8, 45.90739, 41799.24, Stable
2025/07/10, 15:20:59, 27.90148, 101881.2, 43.5617, 42676.57, Stable
2025/07/10, 15:33:19, 28.10654, 101879.5, 45.01167, 39198.65, Stable
2025/07/10, 15:45:39, 28.06176, 101870.0, 45.02068, 40124.54, Stable
2025/07/10, 15:57:59, 28.05121, 101864.0, 44.50774, 41193.38, Stable
2025/07/10, 16:10:19, 27.63712, 101870.8, 44.1442, 43166.85, Stable
2025/07/10, 16:22:38, 27.85656, 101855.4, 42.38359, 47413.77, Stable
2025/07/10, 16:34:58, 27.99741, 101848.1, 43.06221, 45606.8, Stable
2025/07/10, 16:47:18, 27.99735, 101841.2, 42.66027, 47161.15, Stable
2025/07/10, 16:59:38, 27.99895, 101834.6, 42.63806, 43943.18, Stable
2025/07/10, 17:11:57, 27.88991, 101830.2, 42.2784, 45644.11, Stable
2025/07/10, 17:24:17, 27.52185, 101822.9, 42.59192, 47941.22, Stable
2025/07/10, 17:36:37, 25.93359, 101847.6, 47.73967, 44804.83, Stable
2025/07/10, 17:48:57, 25.63477, 101849.6, 46.52559, 53430.15, Stable
2025/07/10, 18:01:17, 25.52386, 101848.5, 47.99315, 50954.4, Stable
2025/07/10, 18:13:36, 25.64816, 101849.5, 47.63042, 54342.56, Stable
2025/07/10, 18:25:56, 25.598, 101845.5, 48.18193, 51050.45, Stable
2025/07/10, 18:38:16, 25.45916, 101848.0, 48.49586, 52041.05, Stable
2025/07/10, 18:50:36, 25.28809, 101850.0, 49.34987, 48998.66, Stable
2025/07/10, 19:02:55, 25.19576, 101849.9, 50.92603, 42813.31, Stable
2025/07/10, 19:15:15, 25.10525, 101845.2, 52.53426, 40110.84, Stable
2025/07/10, 19:27:35, 25.08308, 101842.5, 54.7113, 37467.26, Stable
2025/07/10, 19:39:55, 25.02965, 101841.9, 55.39959, 38134.04, Stable
2025/07/10, 19:52:15, 24.97919, 101848.5, 55.91172, 38257.32, Stable
2025/07/10, 20:04:34, 24.95278, 101856.6, 56.20341, 37037.18, Stable
2025/07/10, 20:16:54, 24.89511, 101859.9, 56.04271, 37157.9, Stable
2025/07/10, 20:29:14, 24.8918, 101869.7, 55.62026, 38064.26, Stable
2025/07/10, 20:41:34, 24.88348, 101875.5, 55.55621, 38301.68, Stable
2025/07/10, 20:53:53, 24.87718, 101883.7, 55.85194, 37718.55, Stable
2025/07/10, 21:06:13, 24.82537, 101893.4, 55.72558, 39255.81, Stable
2025/07/10, 21:18:33, 24.79229, 101889.6, 55.54969, 39258.16, Stable
2025/07/10, 21:30:53, 24.69721, 101893.5, 55.60373, 40678.88, Stable
2025/07/10, 21:43:12, 24.45884, 101897.7, 56.17177, 41168.81, Stable
2025/07/10, 21:55:32, 24.51132, 101893.4, 55.53526, 42352.52, Stable
2025/07/10, 22:07:52, 25.48162, 101861.0, 51.66923, 44916.89, Stable
2025/07/10, 22:20:12, 25.43219, 101864.3, 51.28374, 45859.59, Stable
2025/07/10, 22:32:32, 25.47589, 101858.9, 51.36016, 45224.25, Stable
2025/07/10, 22:44:51, 25.4766, 101857.4, 51.30106, 45314.88, Stable
2025/07/10, 22:57:11, 25.26365, 101856.9, 51.75272, 49020.05, Stable
2025/07/10, 23:09:31, 25.39623, 101855.9, 51.58835, 44906.21, Stable
2025/07/10, 23:21:51, 24.96888, 101847.6, 52.03744, 51292.77, Stable
2025/07/10, 23:34:10, 25.11236, 101841.8, 52.20506, 48341.27, Stable
2025/07/10, 23:46:30, 25.14842, 101841.2, 52.22406, 47353.23, Stable
2025/07/10, 23:58:50, 25.13415, 101845.0, 51.80044, 47255.61, Stable
2025/07/11, 00:11:10, 24.83022, 101845.0, 52.20858, 50846.92, Stable
2025/07/11, 00:23:30, 24.43897, 101836.4, 53.18499, 52947.93, Stable
2025/07/11, 00:35:49, 24.13188, 101829.7, 54.07453, 57135.01, Stable
2025/07/11, 00:48:09, 24.04305, 101823.6, 54.95601, 53784.06, Stable
2025/07/11, 01:00:29, 24.60548, 101816.6, 53.42856, 49682.84, Stable
2025/07/11, 01:12:49, 24.68782, 101818.1, 53.60983, 45349.54, Stable
2025/07/11, 01:25:09, 24.6589, 101824.1, 54.06104, 45135.32, Stable
2025/07/11, 01:37:28, 24.65132, 101820.8, 54.16832, 45339.08, Stable
2025/07/11, 01:49:48, 24.54567, 101812.9, 54.66948, 45661.27, Stable
2025/07/11, 02:02:08, 24.39498, 101812.1, 55.07661, 48332.79, Stable
2025/07/11, 02:14:28, 24.40916, 101810.4, 55.22542, 47146.7, Stable
2025/07/11, 02:26:48, 24.40161, 101809.3, 55.23644, 46771.11, Stable
2025/07/11, 02:39:07, 24.20719, 101813.9, 55.69963, 48856.38, Stable
2025/07/11, 02:51:27, 24.27514, 101807.6, 55.56785, 47850.12, Stable
2025/07/11, 03:03:47, 24.15975, 101802.8, 55.77381, 48532.62, Stable
2025/07/11, 03:16:07, 24.20769, 101791.6, 55.5198, 48523.46, Stable
2025/07/11, 03:28:27, 24.09638, 101782.8, 55.76152, 48663.61, Stable
2025/07/11, 03:40:46, 24.0059, 101781.8, 55.86831, 49996.11, Stable
2025/07/11, 03:53:06, 23.84296, 101787.5, 55.94084, 51521.23, Stable
2025/07/11, 04:05:26, 23.83557, 101789.9, 56.14008, 50544.45, Stable
2025/07/11, 04:17:46, 23.69864, 101787.6, 56.19758, 51349.98, Stable
2025/07/11, 04:30:06, 23.52283, 101789.3, 56.48844, 52035.5, Stable
2025/07/11, 04:42:25, 23.57047, 101786.0, 56.29113, 51822.55, Stable
2025/07/11, 04:54:45, 23.54561, 101792.8, 56.28466, 52419.14, Stable
2025/07/11, 05:07:05, 23.55791, 101797.6, 56.01266, 52861.2, Stable
2025/07/11, 05:19:25, 23.43942, 101801.8, 56.38752, 53995.75, Stable
2025/07/11, 05:31:45, 23.4651, 101810.9, 56.51621, 53052.36, Stable
2025/07/11, 05:44:04, 23.42879, 101813.5, 56.7678, 53112.31, Stable
2025/07/11, 05:56:24, 23.39122, 101815.0, 57.29444, 52961.74, Stable
2025/07/11, 06:08:44, 23.53749, 101811.9, 57.17206, 51629.81, Stable
2025/07/11, 06:21:04, 23.54831, 101810.4, 57.53918, 50860.88, Stable
2025/07/11, 06:33:23, 23.56452, 101806.5, 57.72511, 50586.3, Stable
2025/07/11, 06:45:43, 23.57906, 101795.7, 58.08743, 50390.18, Stable
2025/07/11, 06:58:03, 23.47125, 101790.9, 58.84495, 52190.92, Stable
2025/07/11, 07:10:23, 23.43154, 101785.7, 58.87281, 54161.79, Stable
2025/07/11, 07:22:43, 23.58167, 101788.7, 57.50691, 54839.16, Stable
2025/07/11, 07:35:02, 23.69419, 101790.0, 56.71119, 54449.64, Stable
2025/07/11, 07:47:22, 23.85806, 101786.7, 56.48853, 52011.13, Stable
2025/07/11, 07:59:42, 23.93992, 101782.8, 56.85272, 50776.51, Stable
2025/07/11, 08:12:02, 24.14648, 101780.8, 57.23012, 51522.68, Stable
2025/07/11, 08:24:21, 24.25253, 101783.2, 56.38672, 43841.2, Stable
2025/07/11, 08:36:41, 24.27487, 101769.1, 56.4847, 50331.69, Stable
2025/07/11, 08:49:01, 24.41312, 101761.4, 55.8266, 48436.23, Stable
2025/07/11, 09:01:21, 24.52382, 101752.1, 55.00536, 48667.25, Stable
2025/07/11, 09:13:41, 24.67948, 101750.3, 53.91293, 49032.34, Stable
2025/07/11, 09:26:00, 24.77331, 101755.1, 53.88224, 47553.51, Stable
2025/07/11, 09:38:20, 24.92615, 101743.4, 52.30297, 53895.95, Stable
2025/07/11, 09:50:40, 25.00255, 101729.2, 52.73155, 46889.66, Stable
2025/07/11, 10:03:00, 25.11755, 101717.7, 52.83113, 44435.17, Stable
2025/07/11, 10:15:19, 26.32961, 101719.3, 50.83651, 51553.48, Stable
2025/07/11, 10:27:39, 26.39727, 101720.1, 50.62347, 51885.99, Stable
2025/07/11, 10:39:59, 27.82478, 101718.0, 48.70275, 40029.76, Stable
2025/07/11, 10:52:19, 27.59306, 101718.1, 48.12689, 40351.86, Stable
2025/07/11, 11:04:39, 27.96288, 101717.9, 48.52179, 42381.25, Stable
2025/07/11, 11:16:58, 28.06081, 101709.9, 47.46965, 41997.36, Stable
2025/07/11, 11:29:18, 27.96224, 101704.4, 47.26709, 42462.8, Stable
2025/07/11, 11:41:38, 28.06873, 101701.2, 47.527, 41360.23, Stable
2025/07/11, 11:53:58, 28.09568, 101704.2, 47.76584, 41351.26, Stable
2025/07/11, 12:06:17, 28.17099, 101699.4, 47.93565, 40880.14, Stable
2025/07/11, 12:18:37, 28.04592, 101705.4, 47.42963, 41838.0, Stable
2025/07/11, 12:30:57, 27.94198, 101697.1, 47.40187, 42628.01, Stable
2025/07/11, 12:43:17, 27.874, 101689.0, 47.25078, 43898.44, Stable
2025/07/11, 12:55:37, 27.93652, 101678.4, 47.29375, 42591.42, Stable
2025/07/11, 13:07:56, 28.28234, 101666.0, 48.18911, 43593.07, Stable
2025/07/11, 13:20:16, 28.31238, 101655.0, 48.00151, 46831.7, Stable
2025/07/11, 13:32:36, 28.24312, 101651.2, 48.10913, 47438.91, Stable
2025/07/11, 13:44:56, 28.33278, 101649.7, 47.52298, 49186.71, Stable
2025/07/11, 13:57:15, 28.25547, 101638.1, 46.32873, 53456.93, Stable
2025/07/11, 14:09:35, 28.36929, 101638.3, 45.95833, 50837.57, Stable
2025/07/11, 14:21:55, 28.43122, 101628.6, 45.70766, 51061.11, Stable
2025/07/11, 14:34:15, 28.25205, 101619.7, 45.3943, 53839.01, Stable
2025/07/11, 14:46:35, 28.19222, 101613.4, 45.20903, 49617.84, Stable
2025/07/11, 14:58:54, 28.22558, 101615.3, 44.67087, 54254.26, Stable
2025/07/11, 15:11:14, 28.21667, 101607.7, 44.62624, 54765.95, Stable
2025/07/11, 15:23:34, 27.83183, 101605.4, 42.86972, 60226.38, Stable
2025/07/11, 15:35:54, 27.69049, 101612.2, 42.20889, 60934.09, Stable
2025/07/11, 15:48:13, 32.10692, 101625.5, 42.37708, 37984.19, Stable
2025/07/11, 16:00:27, 51.07629, 101607.4, 10.38614, 13615.56, Stable
2025/07/11, 16:12:40, 50.95716, 101596.4, 10.53004, 15778.78, Stable
2025/07/11, 16:24:53, 50.70598, 101595.8, 10.6501, 17325.93, Stable
2025/07/11, 16:37:07, 50.21542, 101587.3, 10.64135, 19178.84, Stable
2025/07/11, 16:49:20, 49.71026, 101579.3, 10.91422, 20423.99, Stable
2025/07/11, 17:01:34, 49.23902, 101574.3, 11.22629, 21032.5, Stable
2025/07/11, 17:13:47, 48.87131, 101563.7, 11.4638, 21316.57, Stable
2025/07/11, 17:26:01, 46.24361, 101549.7, 12.56509, 33479.95, Stable
2025/07/11, 17:38:14, 45.79164, 101553.3, 13.0859, 31009.29, Stable
2025/07/11, 17:50:28, 39.04427, 101723.7, 20.7056, 58181.27, Stable
2025/07/11, 18:02:41, 37.95849, 100511.1, 22.78164, 61056.87, Stable
2025/07/11, 18:14:55, 37.92159, 99577.54, 22.86523, 61715.11, Stable
2025/07/11, 18:27:08, 37.51613, 100495.7, 25.49971, 60532.15, Stable
2025/07/11, 18:39:22, 37.10047, 99968.95, 24.75157, 64432.63, Stable
2025/07/11, 18:51:35, 32.70074, 98672.84, 31.41337, 79260.34, Stable
2025/07/11, 19:03:48, 29.79885, 100294.2, 31.19733, 89256.73, Stable
2025/07/11, 19:16:02, 30.64754, 100551.8, 27.57841, 90251.28, Stable
2025/07/11, 19:28:15, 30.10465, 100267.6, 27.94396, 88537.66, Stable
2025/07/11, 19:40:32, 29.15848, 101225.7, 31.14624, 86233.23, Stable
2025/07/11, 19:52:51, 28.6864, 101682.3, 31.04942, 87092.87, Stable
2025/07/11, 20:05:10, 27.42202, 100361.1, 29.99181, 95120.63, Stable
2025/07/11, 20:17:30, 26.87187, 100880.5, 43.50634, 77546.46, Stable
2025/07/11, 20:29:50, 27.50985, 100885.8, 36.1568, 61516.61, Stable
2025/07/11, 20:42:10, 26.95462, 100890.9, 38.3422, 54478.86, Stable
2025/07/11, 20:54:30, 26.62717, 100896.5, 38.10737, 51936.77, Stable
2025/07/11, 21:06:49, 26.29261, 100903.4, 38.01308, 51256.48, Stable
2025/07/11, 21:19:09, 25.94914, 100897.6, 38.0945, 50712.79, Stable
2025/07/11, 21:31:29, 25.67793, 100891.1, 38.02421, 51218.43, Stable
2025/07/11, 21:43:49, 25.29231, 100878.2, 38.1255, 51958.9, Stable
2025/07/11, 21:56:08, 24.92908, 100872.1, 38.28033, 52887.01, Stable
2025/07/11, 22:08:28, 24.1596, 100868.2, 46.3789, 64240.86, Stable
2025/07/11, 22:20:48, 23.95947, 100861.3, 48.05887, 67998.42, Stable
2025/07/11, 22:33:08, 24.01836, 100851.2, 49.9041, 57767.96, Stable
2025/07/11, 22:45:27, 21.98734, 100840.5, 59.25631, 51370.54, Stable
2025/07/11, 22:57:47, 21.70872, 100842.0, 58.12722, 54978.24, Stable
2025/07/11, 23:10:07, 21.2812, 100834.9, 58.92081, 55671.79, Stable
2025/07/11, 23:22:27, 21.2353, 100828.0, 59.10595, 56503.22, Stable
2025/07/11, 23:34:47, 21.28041, 100829.1, 60.42193, 51512.03, Stable
2025/07/11, 23:47:06, 20.76795, 100833.9, 61.18304, 52946.48, Stable
2025/07/11, 23:59:26, 20.49062, 100826.0, 60.8122, 56569.04, Stable
2025/07/12, 00:11:46, 20.47344, 100824.1, 61.30475, 57000.77, Stable
2025/07/12, 00:24:06, 20.34065, 100827.4, 61.73788, 57237.63, Stable
2025/07/12, 00:36:25, 20.31409, 100817.0, 61.64058, 54637.96, Stable
2025/07/12, 00:48:45, 20.14051, 100808.0, 61.47815, 56337.15, Stable
2025/07/12, 01:01:05, 19.76454, 100793.5, 62.00731, 57014.11, Stable
2025/07/12, 01:13:25, 19.26859, 100790.9, 62.95101, 60492.7, Stable
2025/07/12, 01:25:45, 19.16692, 100784.6, 63.57521, 59458.46, Stable
2025/07/12, 01:38:04, 18.70064, 100771.7, 64.30063, 58276.64, Stable
2025/07/12, 01:50:24, 18.45846, 100764.1, 64.63421, 61831.42, Stable
2025/07/12, 02:02:44, 18.2221, 100752.0, 65.61647, 62178.8, Stable
2025/07/12, 02:15:04, 17.86961, 100742.0, 66.41088, 63336.49, Stable
2025/07/12, 02:27:23, 17.64548, 100730.3, 67.78286, 67354.95, Stable
2025/07/12, 02:39:43, 17.36835, 100732.7, 71.36172, 72039.62, Stable
2025/07/12, 02:52:03, 17.28929, 100724.8, 70.96127, 64461.8, Stable
2025/07/12, 03:04:23, 17.20331, 100712.4, 70.22663, 62439.06, Stable
2025/07/12, 03:16:42, 17.21397, 100694.4, 72.47379, 69256.23, Stable
2025/07/12, 03:29:02, 17.31802, 100679.9, 72.53165, 66097.26, Stable
2025/07/12, 03:41:22, 17.32265, 100657.8, 72.75858, 66912.99, Stable
2025/07/12, 03:53:42, 17.28549, 100643.9, 73.22726, 70178.08, Stable
2025/07/12, 04:06:01, 17.33933, 100655.9, 72.85277, 70157.4, Stable
2025/07/12, 04:18:21, 17.03324, 100650.1, 74.33394, 75105.77, Stable
2025/07/12, 04:30:41, 16.93583, 100645.9, 74.40128, 73816.84, Stable
2025/07/12, 04:43:01, 17.04439, 100635.6, 72.95535, 74392.1, Stable
2025/07/12, 04:55:21, 17.44716, 100636.9, 70.7571, 79785.8, Stable
2025/07/12, 05:07:40, 18.10538, 100639.7, 69.25333, 77432.98, Stable
2025/07/12, 05:20:00, 18.77463, 100632.8, 67.12294, 79667.77, Stable
2025/07/12, 05:32:20, 19.52409, 100626.8, 65.59301, 77804.05, Stable
2025/07/12, 05:44:40, 20.31832, 100619.3, 63.87838, 77247.9, Stable
2025/07/12, 05:56:59, 21.11476, 100613.5, 61.76654, 75767.95, Stable
2025/07/12, 06:09:19, 21.82823, 100606.8, 59.61013, 77429.7, Stable
2025/07/12, 06:21:39, 22.57268, 100594.4, 57.52159, 75996.34, Stable
2025/07/12, 06:33:59, 23.30589, 100591.2, 54.85152, 76437.88, Stable
2025/07/12, 06:46:19, 23.28128, 100595.3, 55.26119, 80381.74, Stable
2025/07/12, 06:58:38, 23.29658, 100590.3, 55.23686, 84922.79, Stable
2025/07/12, 07:10:58, 23.7781, 100592.8, 54.66572, 83203.55, Stable
2025/07/12, 07:23:18, 24.3453, 100582.4, 53.46962, 85409.48, Stable
2025/07/12, 07:35:38, 24.29492, 100586.0, 53.92667, 90930.38, Stable
2025/07/12, 07:47:57, 24.06916, 100590.4, 54.93789, 105975.9, Stable
2025/07/12, 08:00:17, 24.2451, 100590.7, 54.35555, 112529.0, Stable
2025/07/12, 08:12:37, 24.35168, 100585.9, 54.41002, 117281.3, Stable
2025/07/12, 08:24:57, 24.55211, 100583.8, 53.95582, 117989.6, Stable
2025/07/12, 08:37:16, 25.46619, 100575.4, 51.71914, 108090.4, Stable
2025/07/12, 08:49:36, 26.00034, 100567.8, 50.59888, 104506.7, Stable
2025/07/12, 09:01:56, 25.82986, 100574.5, 50.92485, 109942.6, Stable
2025/07/12, 09:14:16, 26.50404, 100567.7, 49.16245, 107151.9, Stable
2025/07/12, 09:26:36, 26.42134, 100575.6, 49.51797, 110330.2, Stable
2025/07/12, 09:38:55, 26.71139, 100570.0, 48.89859, 108776.9, Stable
2025/07/12, 09:51:15, 26.79539, 100563.8, 48.23663, 111841.8, Stable
2025/07/12, 10:03:35, 27.11005, 100558.8, 47.51915, 111541.7, Stable
2025/07/12, 10:15:55, 26.74468, 100557.6, 48.57837, 116648.6, Stable
2025/07/12, 10:28:14, 26.48835, 100564.3, 49.43829, 120140.9, Stable
2025/07/12, 10:40:34, 26.23261, 100559.4, 50.42926, 124685.1, Stable
2025/07/12, 10:52:54, 26.99518, 100561.4, 49.339, 115656.0, Stable
2025/07/12, 11:05:14, 26.40851, 100554.6, 51.18861, 115951.1, Stable
2025/07/12, 11:17:33, 26.19409, 100551.5, 52.14428, 117348.0, Stable
2025/07/12, 11:29:53, 26.43212, 100549.0, 51.44031, 119904.0, Stable
2025/07/12, 11:42:13, 26.71807, 100537.4, 50.90758, 116029.4, Stable
2025/07/12, 11:54:33, 26.21178, 100521.8, 51.66723, 130427.5, Stable
2025/07/12, 12:06:52, 26.31354, 100519.2, 50.75982, 139002.4, Stable
2025/07/12, 12:19:12, 26.14859, 100510.7, 51.79859, 138841.8, Stable
2025/07/12, 12:31:32, 26.94192, 100514.3, 49.5462, 125215.6, Stable
2025/07/12, 12:43:52, 26.87371, 100512.8, 49.60235, 123992.9, Stable
2025/07/12, 12:56:12, 26.71745, 100507.5, 49.5537, 130297.6, Stable
2025/07/12, 13:08:31, 26.89119, 100505.8, 49.3592, 130217.2, Stable
2025/07/12, 13:20:51, 27.06046, 100500.2, 48.71258, 131707.3, Stable
2025/07/12, 13:33:11, 27.67669, 100500.0, 47.05515, 127603.2, Stable
2025/07/12, 13:45:31, 27.878, 100504.3, 48.60687, 114374.4, Stable
2025/07/12, 13:57:50, 27.53543, 100489.9, 48.5641, 124566.9, Stable
2025/07/12, 14:10:10, 27.72859, 100480.9, 46.89616, 126807.5, Stable
2025/07/12, 14:22:30, 27.17338, 100482.2, 50.67913, 114357.3, Stable
2025/07/12, 14:34:50, 27.28891, 100477.1, 49.08874, 123751.2, Stable
2025/07/12, 14:47:10, 26.62791, 100460.3, 50.56476, 113329.0, Stable
2025/07/12, 14:59:29, 27.27918, 100477.2, 47.84023, 141734.3, Stable
2025/07/12, 15:11:49, 27.62933, 100472.5, 46.13164, 153186.6, Stable
2025/07/12, 15:24:09, 27.31041, 100473.2, 44.1632, 182887.0, Stable
2025/07/12, 15:36:29, 27.53655, 100464.5, 43.97267, 181837.4, Stable
2025/07/12, 15:48:48, 27.0904, 100464.4, 44.45555, 199825.2, Stable
2025/07/12, 16:01:08, 27.0377, 100465.2, 42.52668, 217518.1, Stable
2025/07/12, 16:13:28, 27.56299, 100465.5, 40.59686, 218171.3, Stable
2025/07/12, 16:25:48, 27.91811, 100455.6, 39.48674, 220312.2, Stable
2025/07/12, 16:38:08, 27.85732, 100452.9, 38.8628, 230016.9, Stable
2025/07/12, 16:50:27, 27.73813, 100433.5, 39.62719, 225979.5, Stable
2025/07/12, 17:02:47, 28.23803, 100419.6, 38.36815, 205826.5, Stable
2025/07/12, 17:15:07, 28.19381, 100408.1, 33.65801, 257070.2, Stable
2025/07/12, 17:27:27, 28.83374, 100401.8, 31.89881, 251755.7, Stable
2025/07/12, 17:39:46, 29.03482, 100402.1, 31.16124, 251673.4, Stable
2025/07/12, 17:52:06, 28.99408, 100398.6, 31.66849, 263823.4, Stable
2025/07/12, 18:04:26, 29.43442, 100389.8, 31.56967, 225748.4, Stable
2025/07/12, 18:16:46, 28.97833, 100395.0, 32.07818, 241260.7, Stable
2025/07/12, 18:29:05, 28.71637, 100390.2, 33.71495, 230507.4, Stable
2025/07/12, 18:41:25, 28.98027, 100381.6, 33.71678, 207554.2, Stable
2025/07/12, 18:53:45, 28.24852, 100378.7, 35.51415, 217131.6, Stable
2025/07/12, 19:06:05, 27.84464, 100370.5, 36.34812, 221777.1, Stable
2025/07/12, 19:18:25, 27.162, 100362.3, 38.37501, 218363.6, Stable
2025/07/12, 19:30:44, 26.77659, 100355.6, 39.37151, 203577.0, Stable
2025/07/12, 19:43:04, 25.77056, 100357.8, 42.80414, 181938.4, Stable
2025/07/12, 19:55:24, 24.68408, 100368.9, 46.12952, 200863.3, Stable
2025/07/12, 20:07:44, 23.24506, 100379.8, 49.86172, 213778.1, Stable
2025/07/12, 20:20:03, 21.94843, 100378.5, 54.73931, 234591.4, Stable
2025/07/12, 20:32:23, 21.00661, 100378.6, 59.46466, 221839.6, Stable
2025/07/12, 20:44:43, 20.86142, 100401.5, 60.81966, 185854.5, Stable
2025/07/12, 20:57:03, 20.48962, 100412.9, 62.78001, 160764.3, Stable
2025/07/12, 21:09:22, 19.82007, 100417.5, 68.33543, 144416.0, Stable
2025/07/12, 21:21:42, 19.64377, 100426.5, 70.20204, 116910.5, Stable
2025/07/12, 21:34:02, 20.11675, 100431.1, 68.30895, 80290.7, Stable
2025/07/12, 21:46:22, 20.04271, 100425.1, 67.94713, 81171.68, Stable
2025/07/12, 21:58:41, 20.06921, 100415.7, 69.15609, 67345.31, Stable
2025/07/12, 22:11:01, 20.11271, 100415.4, 69.54484, 53081.08, Stable
2025/07/12, 22:23:21, 19.69209, 100411.0, 71.16367, 77151.04, Stable
2025/07/12, 22:35:41, 19.67048, 100411.3, 71.37553, 76906.59, Stable
2025/07/12, 22:48:01, 19.58195, 100410.5, 72.19162, 81182.05, Stable
2025/07/12, 23:00:20, 19.58886, 100401.6, 71.6609, 79144.01, Stable
2025/07/12, 23:12:40, 19.53414, 100392.6, 71.39272, 90100.88, Stable
2025/07/12, 23:25:00, 19.51226, 100382.2, 71.88344, 103392.6, Stable
2025/07/12, 23:37:20, 19.53416, 100383.8, 72.98713, 97219.05, Stable
2025/07/12, 23:49:39, 19.299, 100368.5, 75.27856, 94208.14, Stable
2025/07/13, 00:01:59, 19.21532, 100361.9, 76.03842, 90947.3, Stable
2025/07/13, 00:14:19, 19.08884, 100364.2, 76.44613, 103984.9, Stable
2025/07/13, 00:26:39, 19.06514, 100359.2, 76.25874, 107808.8, Stable
2025/07/13, 00:38:58, 19.14357, 100347.9, 74.45856, 118744.0, Stable
2025/07/13, 00:51:18, 19.17602, 100333.0, 73.52255, 125237.3, Stable
2025/07/13, 01:03:38, 19.22768, 100325.4, 72.39066, 132233.9, Stable
2025/07/13, 01:15:58, 19.18248, 100314.5, 72.43834, 132362.8, Stable
2025/07/13, 01:28:18, 19.05407, 100309.0, 73.97403, 120661.3, Stable
2025/07/13, 01:40:37, 19.0405, 100304.0, 74.31652, 116058.3, Stable
2025/07/13, 01:52:57, 18.96284, 100296.7, 75.40453, 112834.1, Stable
2025/07/13, 02:05:17, 18.89603, 100286.6, 76.09066, 105904.1, Stable
2025/07/13, 02:17:37, 18.80989, 100274.7, 76.82826, 101565.1, Stable
2025/07/13, 02:29:56, 18.7004, 100267.6, 78.41835, 95629.22, Stable
2025/07/13, 02:42:16, 18.61687, 100249.9, 78.59132, 90009.95, Stable
2025/07/13, 02:54:36, 18.58346, 100235.3, 77.49406, 91136.13, Stable
2025/07/13, 03:06:56, 18.42755, 100227.4, 76.61089, 94681.83, Stable
2025/07/13, 03:19:16, 18.27201, 100219.9, 76.46145, 99465.27, Stable
2025/07/13, 03:31:35, 18.16591, 100206.1, 78.1961, 97900.8, Stable
2025/07/13, 03:43:55, 17.98081, 100193.8, 78.64524, 102866.8, Stable
2025/07/13, 03:56:15, 17.98524, 100187.1, 79.36998, 95659.82, Stable
2025/07/13, 04:08:35, 18.14279, 100179.9, 77.76797, 95751.87, Stable
2025/07/13, 04:20:54, 17.88066, 100178.4, 79.37815, 99137.61, Stable
2025/07/13, 04:33:14, 17.81278, 100176.9, 80.98385, 96285.27, Stable
2025/07/13, 04:45:34, 17.87734, 100181.5, 82.56931, 88498.95, Stable
2025/07/13, 04:57:54, 18.23944, 100167.9, 82.95024, 81758.53, Stable
2025/07/13, 05:10:13, 18.60679, 100165.5, 82.41549, 79944.51, Stable
2025/07/13, 05:22:33, 19.09905, 100155.4, 80.76224, 79331.68, Stable
2025/07/13, 05:34:53, 19.51603, 100138.6, 79.03722, 81167.41, Stable
2025/07/13, 05:47:13, 19.86435, 100136.8, 77.75968, 83891.1, Stable
2025/07/13, 05:59:32, 20.32787, 100139.7, 76.22342, 84545.38, Stable
2025/07/13, 06:11:52, 20.86528, 100124.9, 74.19974, 85618.09, Stable
2025/07/13, 19:38:00, 24.82486, 100745.5, 53.26022, 362393.0, Unstable
2025/07/13, 19:50:19, 24.51378, 100733.7, 53.01762, 23225.05, Stable
2025/07/13, 20:02:39, 24.39902, 100737.3, 53.30161, 31398.55, Stable
2025/07/13, 20:14:59, 24.24282, 100743.6, 53.80861, 36827.24, Stable
2025/07/13, 20:27:18, 24.23211, 100744.9, 53.88976, 40305.16, Stable
2025/07/13, 20:39:38, 24.00031, 100751.7, 54.81963, 42964.38, Stable
2025/07/13, 20:51:58, 24.01244, 100740.1, 55.24526, 44243.95, Stable
2025/07/13, 21:04:18, 24.24976, 100720.6, 54.55793, 45358.69, Stable
2025/07/13, 21:11:18, 24.46769, 100745.2, 55.00752, 1575968.0, Unstable
2025/07/13, 21:23:37, 22.92615, 100747.1, 59.42523, 53288.97, Stable
2025/07/13, 21:35:57, 23.1358, 100754.9, 58.77477, 55574.34, Stable
2025/07/13, 21:48:17, 23.32746, 100757.5, 58.67726, 57310.07, Stable
2025/07/13, 22:00:36, 23.62186, 100774.1, 57.76665, 57687.62, Stable
2025/07/13, 22:12:56, 24.27021, 100761.6, 55.32247, 55248.71, Stable
2025/07/13, 22:25:16, 24.25942, 100769.3, 55.83127, 56061.89, Stable
2025/07/13, 22:37:36, 24.34301, 100769.8, 55.92516, 55910.32, Stable
2025/07/13, 22:49:55, 24.63042, 100785.3, 55.21543, 55311.77, Stable
2025/07/13, 23:02:15, 24.58451, 100792.9, 55.32958, 56234.61, Stable
2025/07/13, 23:14:35, 24.59939, 100808.4, 55.30488, 56359.99, Stable
2025/07/13, 23:26:55, 24.66831, 100800.1, 55.07888, 56396.74, Stable
2025/07/13, 23:39:14, 24.65288, 100812.6, 55.08538, 56833.2, Stable
2025/07/13, 23:51:34, 24.65841, 100829.2, 54.83026, 57501.04, Stable
2025/07/14, 00:03:54, 24.68056, 100832.4, 54.70949, 57615.71, Stable
2025/07/14, 00:16:14, 24.69189, 100823.9, 54.85335, 56825.94, Stable
2025/07/14, 00:28:33, 24.49356, 100817.1, 55.67303, 59248.12, Stable
2025/07/14, 00:40:53, 24.31195, 100819.5, 56.33146, 61575.19, Stable
2025/07/14, 00:53:13, 24.3869, 100828.6, 55.83647, 62513.5, Stable
2025/07/14, 01:05:33, 24.33996, 100820.3, 55.63397, 62932.63, Stable
2025/07/14, 01:17:52, 24.32065, 100830.0, 55.10652, 64269.57, Stable
2025/07/14, 01:30:12, 24.22966, 100822.3, 55.06375, 65568.8, Stable
2025/07/14, 01:42:32, 24.19663, 100831.0, 55.03352, 65610.62, Stable
2025/07/14, 01:54:52, 23.81283, 100821.8, 56.03852, 67696.74, Stable
2025/07/14, 02:07:11, 24.12424, 100831.0, 54.82775, 68007.09, Stable
2025/07/14, 02:19:31, 23.99718, 100833.1, 55.42377, 69008.83, Stable
2025/07/14, 02:31:51, 24.0226, 100836.5, 55.26623, 68603.45, Stable
2025/07/14, 02:44:11, 24.03581, 100834.7, 54.96864, 68424.65, Stable
2025/07/14, 02:56:30, 23.96448, 100838.2, 55.0201, 69585.88, Stable
2025/07/14, 03:08:50, 23.95398, 100849.5, 54.90093, 69848.98, Stable
2025/07/14, 03:21:10, 23.70971, 100870.1, 55.09184, 74427.02, Stable
2025/07/14, 03:33:30, 23.7305, 100878.1, 54.33804, 75484.64, Stable
2025/07/14, 03:45:49, 23.69217, 100877.6, 53.68088, 76052.24, Stable
2025/07/14, 03:58:09, 23.69429, 100888.2, 53.11081, 77078.78, Stable
2025/07/14, 04:10:29, 23.6741, 100904.7, 52.69386, 79298.14, Stable
2025/07/14, 04:22:49, 22.94205, 100897.4, 54.37058, 87980.07, Stable
2025/07/14, 04:35:08, 23.146, 100924.3, 53.59072, 86673.33, Stable
2025/07/14, 04:47:28, 22.22852, 100926.2, 56.03682, 101130.6, Stable
2025/07/14, 04:59:48, 22.77055, 100927.7, 54.50739, 91097.26, Stable
2025/07/14, 05:12:07, 22.85202, 100935.0, 53.6614, 92021.61, Stable
2025/07/14, 05:24:27, 22.97788, 100922.0, 52.96621, 90300.83, Stable
2025/07/14, 05:36:47, 21.99137, 100911.1, 55.11073, 110379.5, Stable
2025/07/14, 05:49:07, 21.64444, 100909.9, 57.3929, 108326.8, Stable
2025/07/14, 06:01:27, 21.82473, 100930.1, 56.86985, 104816.8, Stable
2025/07/14, 06:13:46, 21.51382, 100928.4, 57.96926, 111093.3, Stable
2025/07/14, 06:26:06, 21.48294, 100929.3, 58.42414, 115928.0, Stable
2025/07/14, 06:38:26, 21.83786, 100934.4, 57.73992, 108993.3, Stable
2025/07/14, 06:50:46, 22.38404, 100925.2, 56.44416, 99108.59, Stable
2025/07/14, 07:03:05, 22.66162, 100928.9, 55.42024, 97341.96, Stable
2025/07/14, 07:15:25, 22.70173, 100936.8, 55.15603, 100321.0, Stable
2025/07/14, 07:27:45, 22.72996, 100950.3, 54.74559, 102408.8, Stable
2025/07/14, 07:40:04, 22.96545, 100947.9, 53.87848, 92481.45, Stable
2025/07/14, 07:52:24, 23.10489, 100946.7, 53.59394, 87698.59, Stable
2025/07/14, 08:04:44, 23.06028, 100963.6, 54.06913, 94186.49, Stable
2025/07/14, 08:17:04, 23.26034, 100964.7, 51.926, 90888.37, Stable
2025/07/14, 08:29:23, 23.32746, 100962.4, 52.01882, 90766.6, Stable
2025/07/14, 08:41:43, 23.61513, 100967.7, 53.52367, 79545.65, Stable
2025/07/14, 08:54:03, 23.98853, 100959.8, 52.66019, 76254.5, Stable
2025/07/14, 09:06:23, 24.13166, 100963.4, 50.08982, 82349.76, Stable
2025/07/14, 09:18:42, 24.34299, 100957.4, 49.02885, 79845.16, Stable
2025/07/14, 09:31:02, 24.48637, 100948.7, 47.02256, 89232.59, Stable
2025/07/14, 09:43:22, 25.44297, 100962.0, 43.1807, 94948.78, Stable
2025/07/14, 09:55:42, 24.86543, 100978.0, 43.94543, 102787.3, Stable
2025/07/14, 10:08:01, 24.59795, 100999.6, 45.22174, 91231.57, Stable
2025/07/14, 10:20:21, 24.8662, 101005.9, 46.92938, 85144.09, Stable
2025/07/14, 10:32:41, 24.87678, 101000.9, 45.78405, 87413.24, Stable
2025/07/14, 10:45:00, 24.86822, 101019.6, 44.22313, 87763.85, Stable
2025/07/14, 10:57:20, 24.62308, 101029.5, 41.59591, 101195.9, Stable
2025/07/14, 11:09:40, 24.54139, 101030.9, 38.73286, 115838.0, Stable
2025/07/14, 11:22:00, 25.65845, 101034.6, 36.34069, 116322.7, Stable
2025/07/14, 11:34:20, 25.03299, 101043.1, 37.47347, 117436.9, Stable
2025/07/14, 11:46:39, 25.17572, 101068.2, 38.18261, 106836.2, Stable
2025/07/14, 11:58:59, 24.9897, 101094.7, 40.77679, 103237.8, Stable
2025/07/14, 12:11:19, 24.83242, 101087.9, 39.78669, 108779.5, Stable
2025/07/14, 12:23:38, 24.77371, 101089.2, 39.814, 112944.2, Stable
2025/07/14, 12:35:58, 24.68291, 101096.3, 39.44927, 116138.3, Stable
2025/07/14, 12:48:18, 24.64771, 101089.7, 38.78275, 116004.1, Stable
2025/07/14, 13:00:38, 24.70504, 101086.3, 37.41394, 125155.9, Stable
2025/07/14, 13:04:56, 24.93507, 101098.8, 39.58976, 6469225.0, Unstable
2025/07/14, 13:17:15, 24.95569, 101105.8, 35.40944, 127381.5, Stable
2025/07/14, 13:29:35, 25.20629, 101132.1, 35.5, 122341.0, Stable
2025/07/14, 13:41:55, 25.06937, 101191.3, 37.56754, 120248.2, Stable
2025/07/14, 13:54:14, 24.68857, 101218.8, 40.40755, 116512.1, Stable
2025/07/14, 14:06:34, 24.58831, 101196.4, 39.76961, 112423.4, Stable
2025/07/14, 14:18:54, 24.50814, 101182.1, 38.49242, 123966.5, Stable
2025/07/14, 14:31:14, 24.47791, 101163.7, 38.61668, 127629.1, Stable
2025/07/14, 14:43:33, 24.71358, 101163.2, 37.13133, 131477.6, Stable
2025/07/14, 14:55:53, 24.79777, 101192.6, 36.33335, 128039.0, Stable
2025/07/14, 15:08:13, 24.71948, 101204.4, 36.93486, 124536.4, Stable
2025/07/14, 15:20:33, 24.2507, 101213.7, 38.95025, 127137.6, Stable
2025/07/14, 15:32:52, 24.04069, 101201.3, 39.72571, 131964.7, Stable
2025/07/14, 15:45:12, 24.43429, 101192.1, 39.38421, 118526.6, Stable
2025/07/14, 15:57:32, 24.6131, 101183.0, 38.66822, 120533.1, Stable
2025/07/14, 16:09:52, 24.60917, 101182.5, 38.47113, 121358.0, Stable
2025/07/14, 21:14:53, 22.57667, 101336.1, 45.2003, 5931059.0, Unstable
